"序號","統一編號","公司名稱","公司所在地","代表人","資本額","核准設立日期","核准解散日期"
"1","00940398","永慶開發股份有限公司","基隆市中正區中正路317號1樓","null","10000000","0741102","1030513"
"2","01074660","燿陽企業有限公司","臺北市中正區懷寧街62號5樓","null","500000","0741102","1030523"
"3","01509004","怡興興業有限公司","桃園縣桃園市中山里宏昌六街155號5樓","null","5000000","0740828","1030514"
"4","04224397","特全有限公司","新北市新店區明德路六九巷廿六號一樓","null","1500000","0630522","1030501"
"5","04561313","啟福儀器行有限公司","臺北市萬華區東園街73巷46號2樓","null","5000000","0640224","1030529"
"6","04668292","鼎發水電工程有限公司","臺北市中山區松江路70巷6號4樓","null","25000000","0670112","1030520"
"7","05422774","匯本貿易有限公司","新北市汐止區汐碇路16之1巷16號11樓","null","5000000","0731113","1030514"
"8","07686955","年盈印刷有限公司","臺北市大同區延平北路3段99巷3弄9號1樓","null","16000000","0710505","1030523"
"9","09429433","安安珠寶玉器銀樓有限公司","臺北市大安區敦化南路1段190巷52號","null","2000000","0721130","1030516"
"10","11648096","順發鑫貿易有限公司","臺北市中山區民生東路1段25號11樓之18","null","5000000","0571015","1030506"
"11","12354597","百棟建設股份有限公司","臺北市中山區松江路111號13樓","null","25000000","0701103","1030526"
"12","12415519","亨鎰企業有限公司","臺北市中山區吉林路218巷14號4樓","null","5000000","0711227","1030508"
"13","12422997","安麒企業有限公司","桃園縣新屋鄉笨港村11鄰笨子港8之3號2樓","null","5000000","0710626","1030529"
"14","12456932","凱譜企業股份有限公司","臺北市大安區金山南路2段218號3樓","null","5000000","0720831","1030522"
"15","12457783","旺樹實業股份有限公司","臺北市士林區中山北路6段405巷53號1樓","null","10000000","0720908","1030513"
"16","12626211","宏滔實業有限公司","新北市板橋區雙十路2段47巷4弄20號1樓","null","1000000","0890929","1030526"
"17","12644772","山研企業股份有限公司","null","null","0","0891031","1030515"
"18","12663496","達安有限公司","新北市中和區南山路127巷14之3號","null","1000000","0891109","1030501"
"19","12671741","欣遠國際有限公司","臺北市中正區臨沂街3巷21號1樓","null","15000000","0891208","1030520"
"20","12672087","博力科技有限公司","臺北市北投區石牌路2段89之1號","null","1000000","0891211","1030514"
"21","12688031","嘉仕?企業有限公司","臺北市中山區民權東路2段92巷8弄11號1樓","null","5000000","0900221","1030509"
"22","12718886","海豐興業有限公司","新北市五股區民義里民義路1段312-7號","null","1000000","0891212","1030523"
"23","12723229","晟峰股份有限公司","南投縣水里鄉城中村市場巷250號1樓","null","10960000","0891218","1030513"
"24","12723369","鈺峰進口家飾有限公司","新北市淡水區新春街36號4樓","null","500000","0891218","1030519"
"25","12734197","福爾摩沙石化有限公司","桃園縣楊梅市永美路六四號二樓","null","10000000","0900109","1030528"
"26","12760547","南特實業有限公司","臺中市大甲區文武里八德街九四號","null","1000000","0900308","1030507"
"27","12824057","家藍帝裝潢工程有限公司","花蓮縣花蓮市民政里中美路223號","null","5000000","0900619","1030513"
"28","12827857","興鵬國際興業有限公司","桃園縣八德市廣興里新興路342巷54弄29號","null","1000000","0900627","1030515"
"29","12831923","虹晶科技股份有限公司","null","null","0","0900704","1030501"
"30","12834674","宏笙投資股份有限公司","花蓮縣花蓮市中央路三段六五六號","null","60000000","0900711","1030501"
"31","12852102","湘廚餐廳有限公司","臺北市中山區南京東路2段206號2樓之1","null","12000000","0900409","1030501"
"32","12860047","觀察家行銷研究有限公司","臺北市信義區松德路161號22樓","null","5500000","0900502","1030514"
"33","12864450","高鉊國際有限公司","臺北市中正區忠孝西路1段7號9樓之1","null","2000000","0900517","1030507"
"34","12871950","台灣芳珂股份有限公司","臺北市中山區中山北路2段44號14樓","null","192200000","0900612","1030522"
"35","12907824","倍菖精密工具有限公司","高雄市路竹區竹南里新民路16號","null","1000000","0901004","1030530"
"36","12922521","弘典電腦有限公司","臺南市永康區二王里忠孝路450巷15號","null","500000","0901105","1030522"
"37","12939895","大登國際行銷有限公司","臺北市信義區松德路117號9樓","null","6000000","0900820","1030505"
"38","12945974","喬誼有限公司","臺北市中山區中山北路3段45號6樓之4","null","1000000","0900911","1030522"
"39","12954852","邁博娛樂事業有限公司","臺北市中正區杭州南路1段115號8樓之5","null","1500000","0901023","1030513"
"40","12965838","崴國有限公司","臺北市信義區忠孝東路5段790巷68弄2號1樓","null","1000000","0901206","1030507"
"41","12966695","觀天下軟體股份有限公司","高雄市三民區陽明路26號6樓","null","20000000","0901210","1030520"
"42","12969308","欣福工程有限公司","桃園縣蘆竹市新莊村新生路246巷39號1樓","null","500000","0910805","1030519"
"43","12983081","雷凌科技股份有限公司","新竹縣竹北市台元一街5號5樓之1","謝清江","1752640050","0901127","1030523"
"44","12985757","展燁建設股份有限公司","新北市三重區中央南路廿九號一樓","null","25000000","0901203","1030501"
"45","12991391","瑋峰資訊科技有限公司","彰化縣彰化市中正路2段666巷50號之8","null","1000000","0901212","1030509"
"46","13005464","星宇國際有限公司","基隆市七堵區百福里百六街一三九號一樓","null","1000000","0910107","1030513"
"47","13017139","三井電子有限公司","新北市板橋區民生路三段一三六之三號四樓","null","1000000","0910125","1030526"
"48","13018405","彩儷珠寶有限公司","新北市板橋區民生路１段６７號","null","1000000","0910129","1030530"
"49","13058068","廣聯生物科技有限公司","臺南市鹽水區橋南里七鄰新中路八二巷四０號一樓","null","5000000","0910402","1030502"
"50","13099764","鹿家莊股份有限公司","臺北市松山區民生東路5段137巷4弄39號1樓","null","1000000","0910401","1030501"
"51","13101327","奇摩國際視傳股份有限公司","臺北市中山區南京東路1段25號9樓","null","10000000","0910404","1030519"
"52","13104231","台碩聯合科技股份有限公司","臺北市中正區濟南路2段51-1號2樓之1","null","10000000","0910412","1030501"
"53","13114218","麗嘉美企業有限公司","新北市板橋區大智街25巷25號3樓","null","1000000","0910506","1030527"
"54","13117854","台聯國際科技股份有限公司","臺北市中山區松江路1號9樓之2","null","10000000","0910516","1030501"
"55","13135966","華美歐生物科技有限公司","臺北市大安區信義路4段265巷21弄22號1樓","null","3000000","0910705","1030528"
"56","13142621","和祥管理顧問有限公司","高雄市左營區新上里太華街213號","null","10000000","0900221","1030505"
"57","13145681","展昂工程企業有限公司","高雄市左營區文強路7號2樓","null","2500000","0900409","1030513"
"58","13145710","亞特勒斯技術工程有限公司","高雄市鹽埕區新樂街245號10樓","null","2000000","0900409","1030522"
"59","13146464","永固科技有限公司","高雄市新興區中正三路129號9樓之2","null","1000000","0900419","1030430"
"60","13159024","昶鈜有限公司","高雄市苓雅區武義街18號","null","1400000","0901107","1030512"
"61","13162153","主耕工程有限公司","高雄市三民區正興里建元路7號4樓之5","null","2000000","0910102","1030527"
"62","13180048","橘子紅了科技有限公司","新北市板橋區中山路1段50巷22號2樓","null","500000","0910719","1030513"
"63","13188457","漢蓉實業有限公司","高雄市新興區中正三路110號12樓之2","null","500000","0911022","1030509"
"64","15056017","元美儀器有限公司","臺北市萬華區西園路1段189-1號1樓","null","10000000","0590513","1030508"
"65","15226218","金龍盧賬簿印刷有限公司","臺北市中正區中華路2段175巷35號1樓","null","2000000","0590708","1030505"
"66","15491200","龍潭營造廠有限公司","臺北市萬華區萬大路322巷37弄1號2樓","null","4000000","0560307","1030512"
"67","15805976","通印企業有限公司","臺北市萬華區大理街159巷3號3樓","null","2000000","0660426","1030506"
"68","15858142","長泰玻璃纖維有限公司","臺北市萬華區長泰街263號","null","1000000","0680702","1030530"
"69","16010237","飛雪實業有限公司","臺南市安平區文平里二六鄰永華二街四一巷二八號","null","5000000","0860522","1030513"
"70","16029329","立合食品企業有限公司","宜蘭縣蘇澳鎮隘丁路104之1號1樓","null","5000000","0860610","1030508"
"71","16102221","久順科技股份有限公司","高雄市岡山區中山北路140號5樓之2","null","22000000","0860607","1030430"
"72","16176222","怡河有限公司","臺北市松山區復興北路201號11樓之3","null","5000000","0861110","1030502"
"73","16183862","光崧貿易有限公司","基隆市仁愛區成功一路一三四巷一三之二號三樓","null","5000000","0860731","1030502"
"74","16220310","均翎股份有限公司","臺中市南屯區溝墘里文心路一段三七八號六樓之七","null","5000000","0860913","1030512"
"75","16270937","乃久鈺有限公司","彰化縣福興鄉同安村員鹿路一段三七七巷五四弄十七號","null","1000000","0861118","1030529"
"76","16274856","金庭科技企業有限公司","新北市土城區學府路1段23巷21之4號1樓","null","1000000","0861122","1030528"
"77","16286635","古葳房屋仲介開發有限公司","臺北市中山區北安路588巷30弄2號1樓","null","1000000","0861205","1030529"
"78","16299049","祥綿實業有限公司","臺北市大同區重慶北路3段113巷57號","null","10000000","0870117","1030501"
"79","16305838","樂陽家具有限公司","新北市新店區民權路42巷59弄8號","null","2000000","0870217","1030508"
"80","16322978","為您環境清潔維護事業有限公司","臺北市中山區大直街127巷8號4樓","null","3000000","0870408","1030505"
"81","16332244","順興發有限公司","基隆市安樂區內寮里基金三路60之1號2樓","null","500000","0861202","1030528"
"82","16343994","可立明實業有限公司","桃園縣中壢市普慶里普光街8號","null","1000000","0861217","1030516"
"83","16348111","汕林麗斯企業有限公司","臺南市新市區新和里中正路一一六巷二弄十六號一樓","null","1000000","0861220","1030526"
"84","16390145","至賦科技有限公司","新北市新莊區建中街90巷7弄15號2樓","null","1000000","0870227","1030506"
"85","16539717","大放異彩資料處理有限公司","新竹市埔頂路一一二號一樓","null","5000000","0870701","1030506"
"86","16584698","興鎂實業有限公司","臺北市大同區民權西路106號8樓之3","null","2000000","0870512","1030523"
"87","16586696","麗虹有限公司","臺北市大同區南京西路239巷22號","null","2000000","0870518","1030502"
"88","16614671","日大盛工程有限公司","臺北市士林區中正路501號16樓","null","1000000","0870810","1030521"
"89","16617396","元霖企業有限公司","臺北市大安區和平東路3段212巷18號","null","5000000","0870817","1030501"
"90","16661884","頡昇工程有限公司","新北市中和區大智街五五巷二六之一號","null","1000000","0870924","1030520"
"91","16724620","盟伸國際有限公司","新北市蘆洲區忠孝里民義街七○號","null","5000000","0880104","1030528"
"92","16731410","裕皇裝潢有限公司","新北市五股區五福路二三巷七號二樓","null","1000000","0880115","1030520"
"93","16767578","大李有限公司","臺北市內湖區瑞光路437號5樓","null","3000000","0871130","1030526"
"94","16771989","蘇居傢飾洋行有限公司","臺北市大同區太原路77號2樓","null","2000000","0871215","1030502"
"95","16779315","台灣普羅菲司股份有限公司","null","null","0","0880115","1030529"
"96","16799121","季威企業有限公司","臺北市松山區民權東路3段130號7樓","null","5000000","0880407","1030528"
"97","16800555","盟靖鋼鐵有限公司","高雄市楠梓區智群路91號","null","1000000","0880409","1030519"
"98","16801251","大科信企業管理顧問有限公司","高雄市前鎮區中山二路2號19樓之1","null","1000000","0880416","1030430"
"99","16852455","藍電科技股份有限公司","臺南市東區衛國街一○六巷四三號","null","1600000","0880201","1030530"
"100","16880543","星碁有限公司","桃園縣桃園市成功路2段31號6樓","null","500000","0880329","1030516"
"101","16888025","伸盛企業有限公司","臺中市北區賴興里北平路二段123號","null","5000000","0880408","1030529"
"102","16893569","元古科技股份有限公司","臺北市士林區雨聲街38號1樓","null","5000000","0880416","1030527"
"103","16912995","集豐企業有限公司","新北市三重區六張街一二六巷二弄一六號（二）樓","null","2000000","0880510","1030526"
"104","16936779","金字塔科技股份有限公司","桃園縣楊梅市高山里8鄰高獅路863巷15號","null","5000000","0880608","1030527"
"105","16961257","豪力安車體有限公司","臺中市潭子區頭家里頭張路二段165巷1號","null","5000000","0880716","1030530"
"106","16973726","金鑽水企業有限公司","臺南市安南區梅花里安中路1段639巷100弄46號1樓","null","1000000","0880803","1030512"
"107","16998542","星偉電子有限公司","臺北市信義區永吉路30巷158弄23號","null","500000","0880906","1030519"
"108","20787436","日盛交通有限公司","臺北市信義區莊敬路218號1樓","null","3000000","0670408","1030530"
"109","20817516","裕懋銀樓有限公司","新北市林口區麗林里忠孝路376巷51號6樓","null","5000000","0680323","1030527"
"110","20896477","中約國際貿易有限公司","新北市淡水區新民街180巷24號4樓","null","5000000","0700811","1030526"
"111","21267855","瑞保股份有限公司","臺北市松山區敦化南路1段57號5樓之11","null","5000000","0740719","1030519"
"112","22017618","朱記有限公司","臺北市內湖區民權東路6段81巷11弄2號1樓","null","5000000","0750217","1030526"
"113","22021541","景明電器有限公司","臺北市文山區木新路3段298號1樓","null","1000000","0750301","1030522"
"114","22033862","進安印刷電腦設計製版企業有限公司","臺北市萬華區長泰街308巷18號1樓","null","2000000","0750404","1030502"
"115","22037662","格群實業股份有限公司","臺北市南港區重陽路425號2樓","null","1000000","0750415","1030520"
"116","22062535","啟鈦塑膠有限公司","桃園縣龜山鄉明興街244巷49號","null","4500000","0750130","1030515"
"117","22067356","梁程企業有限公司","新北市三重區正義南路三七巷五號","null","1000000","0750212","1030502"
"118","22095965","能吉工業股份有限公司","高雄市左營區菜公里菜公一路76號","null","5000000","0750304","1030502"
"119","22105176","宸宇股份有限公司","新北市中和區建八路一二一號五樓","null","5000000","0750408","1030528"
"120","22159735","銘圓有限公司","臺北市大安區忠孝東路4段341號9樓之2","null","3000000","0750617","1030509"
"121","22282003","利霸企業有限公司","新北市樹林區千歲街九二巷七弄二六號一樓","null","3500000","0751007","1030520"
"122","22391038","啟加工業股份有限公司","彰化縣彰化市新華里彰美路1段8巷43號","null","20000000","0760210","1030513"
"123","22496602","普謄印刷事業有限公司","臺中市潭子區頭家里和平路32巷14號1樓","null","5000000","0760511","1030507"
"124","22542401","進益企業工程有限公司","高雄市三民區永吉街88號","null","5000000","0761127","1030502"
"125","22544941","伯祥貿易有限公司","桃園縣桃園市春日路三三五號二樓","null","10000000","0770106","1030502"
"126","22545723","?緯工程有限公司","高雄市苓雅區正大里心正路32號5樓","null","5000000","0770115","1030502"
"127","22729335","舒百特光學工業股份有限公司","新竹縣關西鎮中興路三二號","null","6000000","0761210","1030528"
"128","22755017","妙函企業有限公司","臺北市萬華區環河南路2段129號1樓","null","5000000","0770215","1030513"
"129","22771332","世佶實業有限公司","新北市土城區中華路2段180號2樓","null","1000000","0770127","1030502"
"130","22921162","智嘉實業有限公司","新北市三重區重新路5段609巷18號8樓之6","null","20000000","0770513","1030506"
"131","22955459","文興建設股份有限公司","高雄市鼓山區登山里鼓山一路99之3號2樓","null","64000000","0770528","1030526"
"132","22988944","剴盟實業有限公司","新北市新莊區瓊泰路41號1樓","null","5000000","0770811","1030502"
"133","23003958","大誠照明有限公司","臺北市士林區通河西街2段92號1樓","null","5000000","0770905","1030502"
"134","23006266","英信企業有限公司","桃園縣平鎮市龍恩里龍泉街137巷103號","null","5000000","0770908","1030529"
"135","23064217","豐得工業有限公司","彰化縣溪湖鎮東寮里彰水路四段五三九巷三一號","null","2000000","0770920","1030506"
"136","23070750","欣毅企業股份有限公司","高雄市前鎮區林森三路97之1號4樓","null","5000000","0771004","1030501"
"137","23082806","順立通風機有限公司","桃園縣桃園市南埔里中埔二街12號","null","5000000","0771026","1030507"
"138","23100706","全麒機械有限公司","新北市泰山區漢囗街22巷2弄3號","null","1000000","0771128","1030506"
"139","23149644","台灣欣進文具百貨股份有限公司","新北市土城區慶祥街53號","null","6000000","0780109","1030520"
"140","23238913","皇緯鞋業有限公司","新北市板橋區吳鳳路92號","null","13000000","0780411","1030530"
"141","23282614","晶盛開發有限公司","新北市三重區重新路4段98號8樓之1","null","6480000","0780315","1030526"
"142","23321406","鴻甫商業開發股份有限公司","高雄市前鎮區沱江街27號7樓","null","10000000","0780613","1030519"
"143","23339686","聖協精密工業有限公司","高雄市大寮區過溪路86之9號1樓","null","1000000","0780816","1030506"
"144","23356170","力義鋁帷牆石材有限公司","高雄市鳳山區濱山街一號六樓之五","null","10000000","0790312","1030512"
"145","23369061","國瑋電業有限公司","新北市新莊區後港一路９４巷１弄４號１樓","null","5000000","0780613","1030508"
"146","23442372","常邦有限公司","臺北市中正區忠孝東路2段100號11樓之6","null","10000000","0780821","1030506"
"147","23450490","奇氏實業有限公司","新竹市頂竹里東南街57號1樓","null","5000000","0780909","1030502"
"148","23465846","谷典音樂有限公司","新北市蘆洲區永安南路一段一巷十二號七樓","null","5000000","0781023","1030505"
"149","23492978","銓陽企業有限公司","新北市板橋區民族路247巷5弄16號","null","5000000","0780922","1030519"
"150","23644779","全日盛國際科技有限公司","高雄市苓雅區苓中里苓中路41號4樓之2","null","5000000","0790418","1030523"
"151","23692785","鍾林興業股份有限公司","臺中市豐原區西勢路114巷17號","null","5000000","0790406","1030508"
"152","23694236","裕然企業有限公司","新北市三重區重陽路三段5巷8弄5號1樓","null","1000000","0790407","1030530"
"153","23704261","松嶺工程顧問有限公司","臺南市麻豆區中民里謝厝寮144之1號","null","5000000","0790420","1030508"
"154","23775574","佳旺汽車實業股份有限公司","花蓮縣花蓮市明心街廿一號七樓之一","null","18000000","0790523","1030509"
"155","23813985","宜勵實業有限公司","臺中市潭子區潭秀里南門街一○三號","null","2000000","0790724","1030516"
"156","23819263","森森資訊有限公司","新北市中和區連城路54號5樓","null","5000000","0790801","1030508"
"157","23853297","新生活超級商店股份有限公司","新北市三重區民生街八八號一樓","null","1000000","0790919","1030506"
"158","23899961","先趨企業股份有限公司","臺北市文山區羅斯福路6段10號4樓","null","5000000","0790921","1030530"
"159","23956527","恩飲川業股份有限公司","臺南市北區成功里北安路一段170號1-2樓及地下室","null","5000000","0791220","1030505"
"160","23979562","建瑜有限公司","桃園縣平鎮市育達路125號2樓","null","5000000","0800130","1030502"
"161","24207261","盛娸企業有限公司","桃園縣桃園市同安里同安街２０５號３樓之３","null","300000","0970725","1030516"
"162","24211716","億傑營造有限公司","嘉義縣太保市麻寮里麻太路63巷61弄3號1樓","null","3000000","0970804","1030530"
"163","24213144","唐敬工程有限公司","新北市板橋區金門街246號2樓","null","2000000","0970806","1030519"
"164","24215895","吉弘環保有限公司","新北市新店區達觀里達觀路14巷2號6樓之6","null","5000000","0970812","1030501"
"165","24217269","富宥有限公司","臺北市中山區松江路22號10樓之2","null","500000","0970813","1030509"
"166","24220341","粽來有限公司","臺北市松山區民權東路3段106巷1號4樓之1","null","1000000","0970819","1030514"
"167","24222164","世控科技股份有限公司","苗栗縣苗栗市勝利里新東街360號","null","1000000","0970821","1030519"
"168","24240352","安忠工程有限公司","臺南市安南區海佃路2段407號","null","400000","0970926","1030508"
"169","24245103","生水綠能科技有限公司","高雄市岡山區岡山里岡山路186巷10弄3號","null","500000","0971007","1030521"
"170","24247685","津商國際科技有限公司","臺南市新營區中正路231號1樓","null","500000","0971013","1030512"
"171","24253216","津唯國際科技有限公司","臺南市永康區永大路2段155號1樓","null","500000","0971022","1030513"
"172","24253807","貫升企業有限公司","臺中市烏日區溪埧里溪南路一段782號1樓","null","6000000","0971023","1030522"
"173","24254587","五得開發有限公司","桃園縣桃園市中正路788號3樓","null","500000","0971024","1030529"
"174","24255452","津英國際科技有限公司","臺中市太平區中興路142號1樓","null","500000","0971027","1030509"
"175","24257682","直成國際科技有限公司","臺中市烏日區烏日里中山路二段169號1樓","null","500000","0971030","1030509"
"176","24262051","生活品有限公司","彰化縣埔心鄉東門村永坡路3段8號","null","550000","0971107","1030502"
"177","24267149","三熙室內裝修設計有限公司","新北市新店區雙城路2巷12號1樓","null","2000000","0971118","1030501"
"178","24274520","鈺浚企業有限公司","桃園縣楊梅市高上里16鄰梅高路二段126巷8弄51號 ","null","300000","0971203","1030505"
"179","24290205","京穎國際有限公司","新北市三重區長樂街110號2樓","null","500000","0980107","1030513"
"180","24299016","益全宏企業有限公司","臺中市梧棲區頂寮里大仁路二段311巷5號","null","5000000","0980123","1030526"
"181","24299846","凱瑪國際有限公司","新北市三重區六福里中正北路142號","null","10000000","0980203","1030530"
"182","24303433","瓏山數位影印有限公司","臺北市萬華區廣州街57-2號","null","250000","0971028","1030506"
"183","24311975","宜卡諾國際有限公司","臺北市松山區光復南路6巷7號3樓","null","500000","0971204","1030506"
"184","24312159","任我遊單車有限公司","花蓮縣花蓮市主計里和平路92-3號","null","1000000","0971205","1030506"
"185","24316330","全昂貿易有限公司","新北市永和區竹林路91巷17號3樓","null","5000000","0971225","1030505"
"186","24324922","晶贊工程有限公司","新北市三重區五華街98巷3號(1樓)","null","1000000","0980217","1030515"
"187","24334288","梁山科技有限公司","臺北市內湖區民權東路6段123巷20弄10號4樓之3","null","250000","0980326","1030505"
"188","24335364","維多利國際企業有限公司","臺北市大安區光復南路82號","null","1000000","0980331","1030520"
"189","24337877","茂興資產管理有限公司","臺北市松山區延吉街11號3樓","null","5000000","0980409","1030515"
"190","24341767","湘瞳有限公司","臺北市中山區新生北路3段82巷30號6樓","null","1000000","0980424","1030522"
"191","24342034","嘉仕騰有限公司","臺北市中正區忠孝西路1段33號7樓","null","3000000","0980427","1030516"
"192","24354468","創意小鋪有限公司","新竹縣湖口鄉波羅村光華路138號1樓","null","250000","0980216","1030519"
"193","24367772","王記科技有限公司","彰化縣彰化市中華西路195巷14號1樓","null","1000000","0980311","1030523"
"194","24377856","鈞暉科技股份有限公司","嘉義市西區新西里垂楊路629巷1號","null","3000000","0980327","1030502"
"195","24382302","廣灝興工程有限公司","桃園縣蘆竹市錦中村南崁路一段188號","null","5000000","0980406","1030529"
"196","24389059","首銘科技實業有限公司","臺中市西屯區台中港路二段122-19號3樓之2","null","1000000","0980416","1030501"
"197","24391576","優奈不動產經紀有限公司","新北市新店區安康路2段1之3號(1樓)","null","1000000","0980420","1030526"
"198","24397591","志詮機電工程有限公司","臺中市大甲區慈德路198號","null","5000000","0980429","1030501"
"199","24400961","蒔樂企業有限公司","桃園縣中壢市中山路63號5樓之1","null","250000","0980506","1030506"
"200","24407508","佳朋科技有限公司","桃園縣龜山鄉陸光村陸光路108號2樓之1","null","500000","0980518","1030514"
"201","24414402","太銥股份有限公司","新竹縣竹北市北崙里縣政九路135巷20弄3號","null","1000000","0980601","1030507"
"202","24420869","樺偉生物科技有限公司","臺東縣臺東市自強里新生路490號1樓","null","1000000","0980610","1030520"
"203","24428617","鴻固實業有限公司","新北市三峽區中園街128之1號","null","5000000","0980622","1030507"
"204","24430851","穩健輪胎有限公司","新北市三重區碧華街422號1樓","null","5000000","0980625","1030523"
"205","24431346","棨淂娛樂有限公司","新竹縣竹北市斗崙里福興路875號3樓","null","500000","0980625","1030501"
"206","24435997","群禾國際股份有限公司","臺北市大安區大安路1段80號6樓","null","9000000","0980703","1030509"
"207","24440485","伊來雅音樂餐飲有限公司","臺中市西區台中港路一段123之1號","null","100000","0980709","1030506"
"208","24451567","先端國際有限公司","臺北市大安區忠孝東路3段192號2樓之2","null","250000","0980730","1030516"
"209","24452670","美加御泉食品有限公司","臺北市中山區民權西路9巷7號","null","1000000","0980804","1030530"
"210","24454810","麻吉服飾有限公司","臺北市萬華區開封街2段57號2樓","null","1000000","0980812","1030509"
"211","24456628","勤創資源股份有限公司","臺北市內湖區行愛路159號4樓","null","10000000","0980819","1030501"
"212","24458457","崴富多媒體有限公司","臺北市北投區行義路138號","null","1500000","0980826","1030521"
"213","24459630","綠市集有限公司","臺北市士林區忠誠路2段78號","null","5000000","0980828","1030508"
"214","24459884","瑪莉奶奶食品有限公司","臺北市大安區瑞安街129號","null","197221","0980831","1030519"
"215","24461045","泰鼎開發建設股份有限公司","臺北市萬華區內江街34號(1樓)","null","20000000","0980903","1030509"
"216","24461951","乙精工程有限公司","臺北市信義區莊敬路415號","null","3000000","0980908","1030530"
"217","24468531","愷辰文化事業有限公司","新北市中和區中正路988巷13弄8號","null","2000000","0981002","1030501"
"218","24475195","亞洲國際運動事業有限公司","臺北市中山區中山北路1段98號","null","200000","0981028","1030505"
"219","24484949","光寶動力儲能科技股份有限公司","null","null","0","0981202","1030505"
"220","24485010","姊妹淘數位科技股份有限公司","臺北市中山區民生東路1段29號5樓之5","null","5000000","0981203","1030521"
"221","24488895","資浩國際股份有限公司","臺北市南港區忠孝東路6段21號11樓之7","null","6000000","0981217","1030521"
"222","24497584","花旗精品家電股份有限公司","null","null","0","0990121","1030516"
"223","24503827","銢鋒企業有限公司","高雄市鼓山區裕國街93號2樓","null","480000","0981217","1030430"
"224","24504327","康潤有限公司","高雄市三民區建工路246號","null","600000","0981224","1030527"
"225","24507582","泰品貿易有限公司","高雄市前鎮區瑞隆路４８２號６樓之１","null","500000","0990210","1030506"
"226","25002146","家泰海山茗茶有限公司","新北市三峽區成福路295號（1樓）","null","250000","0980728","1030528"
"227","25005360","冠嶔不動產仲介有限公司","新北市汐止區大同路2段479號","null","600000","0980731","1030519"
"228","25006017","景元開發有限公司","臺中市南區福興里福新街33之1號1樓","null","1200000","0980803","1030508"
"229","25010053","頻泰國際有限公司","臺北市中山區松江路108巷27號2樓","null","200000","0980810","1030523"
"230","25015352","首立開發有限公司","新北市林口區南勢街120號","null","5000000","0980818","1030513"
"231","25015418","拓鋒有限公司","新北市新莊區中平里中平路304號1樓","null","100000","0980818","1030513"
"232","25020545","微塵文化企業有限公司","新北市新店區新安里寶橋路27-1號5樓之5","null","250000","0980826","1030522"
"233","25034267","晶心有限公司","臺中市西屯區大容西街67號3樓之2","null","1000000","0980918","1030527"
"234","25039164","月見里有限公司","臺中市南屯區溝墘里大容西街3號1樓","null","800000","0980928","1030514"
"235","25040866","翔鈺科技股份有限公司","嘉義市西區新西里5鄰垂楊路629巷1號","null","10000000","0980930","1030506"
"236","25048620","法鑰堂生物科技有限公司","臺中市北屯區平田里文心路4段993號8樓之8","null","2000000","0981013","1030520"
"237","25052428","富新科技股份有限公司","新竹市東區東南街105號4樓之4","null","6000000","0981019","1030515"
"238","25058372","金安邦物業有限公司","桃園縣桃園市同德七街94號5樓","null","1050000","0981027","1030526"
"239","25058844","崑加時裝有限公司","臺中市西區忠誠街102巷32號5樓","null","500000","0981028","1030430"
"240","25072894","山喜建設開發有限公司","臺中市烏日區九德里中華路611號3樓之5","null","20000000","0981120","1030505"
"241","25073155","騰傑貿易有限公司","臺南市永康區五王里五福街27號1樓","null","500000","0981123","1030521"
"242","25075920","惠誠建設有限公司","臺南市中西區西賢里華平路848號","null","500000","0981125","1030523"
"243","25080249","元蔚生物科技有限公司","臺中市西區存中街154號1樓","null","500000","0981202","1030513"
"244","25082176","富統資訊科技有限公司","臺中市北區進化路577-5號","null","1000000","0981204","1030529"
"245","25084370","捷姆訊科技有限公司","臺中市北屯區東山路一段121之2號1樓","null","120000","0981208","1030529"
"246","25090491","國順印刷有限公司","新北市板橋區中正路216巷2弄13號","null","500000","0981217","1030502"
"247","25099296","總岱實業有限公司","臺中市南屯區向心里文心南二路170巷23之9號1樓","null","500000","0981230","1030522"
"248","25102948","豪格科技股份有限公司","臺北市大同區鄭州路87號10樓之2","null","3000000","0990206","1030526"
"249","25103643","淯騰實業有限公司","臺北市大安區忠孝東路4段169號6樓之1","null","500000","0990209","1030522"
"250","25104137","新象茂股份有限公司","臺北市信義區忠孝東路5段388號10樓","null","2500000","0990212","1030520"
"251","25143146","世毅食品有限公司","臺北市中正區南昌路1段157號1樓","null","1000000","0990701","1030526"
"252","25145215","摩百酷行動科技有限公司","臺北市萬華區武昌街2段122-1號","null","1000000","0990708","1030530"
"253","25148260","奧菲拉斯企業股份有限公司","臺北市中山區松江路87號10樓之1","null","5100000","0990721","1030505"
"254","25149296","久泰科技有限公司","臺北市中正區寧波西街116號5樓","null","500000","0990723","1030516"
"255","25149704","摩爾通訊股份有限公司","臺北市萬華區西園路2段254巷12號","null","10000000","0990727","1030521"
"256","25159553","優得食品有限公司","高雄市楠梓區大學二街62巷3號1樓","null","1000000","0990121","1030502"
"257","25174111","國億生物科技有限公司","彰化縣員林鎮新生里7鄰新生路61號1樓","null","500000","0990302","1030512"
"258","25175548","佰科樂活綠科技股份有限公司","新竹市東區建華里寶山路145巷29號1樓","null","100000","0990304","1030523"
"259","25178159","芳愷園有限公司","臺中市大肚區自強里中沙路164巷3弄111-2號","null","1000000","0990310","1030430"
"260","25181801","家興不動產有限公司","新竹縣竹北市嘉興路310號","null","200000","0990318","1030519"
"261","25182040","震浩資源股份有限公司","臺中市南屯區大進街73-1號3樓","null","10000000","0990318","1030519"
"262","25186377","貫鋐企業有限公司","臺中市南屯區大墩六街27號1樓","null","3000000","0990326","1030516"
"263","25194904","溢香國際貿易有限公司","新竹市香山區虎林里虎林街84巷1號1樓","null","1500000","0990412","1030505"
"264","25198417","大漢光電股份有限公司","臺中市大甲區日南里東一街6號","null","20000000","0990419","1030521"
"265","27219873","高奇建設有限公司","高雄市三民區大昌二路67號4樓之1","null","500000","0940308","1030523"
"266","27276228","尹善美實業有限公司","新北市樹林區中正路639號9樓","null","3000000","0930427","1030523"
"267","27295013","振興便利商店有限公司","彰化縣員林鎮南東里山腳路四段一號","null","500000","0930519","1030505"
"268","27305238","邁世傑國際有限公司","新北市汐止區樟樹一路一三九巷一八號四樓","null","2000000","0930602","1030528"
"269","27350280","萬紳科技股份有限公司","臺北市北投區明德路116號3樓","null","2500000","0930809","1030528"
"270","27359297","御方養生科技有限公司","臺北市信義區莊敬路311號1樓","null","1000000","0930907","1030526"
"271","27369149","重興印刷實業有限公司","新北市板橋區長江路2段311巷臨6號1樓","null","1000000","0931006","1030520"
"272","27371763","可朗儲存媒体有限公司","桃園縣龜山鄉大湖村文二一街十八號八樓之一","null","500000","0930609","1030509"
"273","27385675","泳森有限公司","臺中市后里區舊社里三線路9之1號","null","500000","0930628","1030505"
"274","27388531","上森科技股份有限公司","臺中市南屯區向心路廿九號一樓","null","10000000","0930701","1030515"
"275","27410908","里安開發有限公司","臺中市北區錦洲里天祥街28巷70號1樓","null","760000","0930729","1030515"
"276","27418802","方順有限公司","臺中市大里區瑞城里美村街146巷65弄10號","null","600000","0930809","1030526"
"277","27424895","鴻泰昌貿易有限公司","新北市鶯歌區永昌里永智街四三巷三六號","null","1000000","0930817","1030507"
"278","27425536","申兆股份有限公司","新北市中和區景德街61號","null","3000000","0930817","1030502"
"279","27431663","羽智有限公司","臺中市北屯區北興里北祥街13號1樓","null","500000","0930826","1030508"
"280","27443823","立安瓦斯有限公司","彰化縣埔鹽鄉埔鹽村彰水路二段170巷14號1樓","null","500000","0930913","1030528"
"281","27461167","冠禹貿易有限公司","臺南市柳營區東昇里十鄰成功街五二號","null","500000","0931006","1030502"
"282","27478646","滄海開發有限公司","臺北市松山區三民路155巷8-1號(2樓)","null","500000","0931029","1030519"
"283","27501745","台灣福寶國際企業有限公司","臺北市中山區吉林路430號1樓","null","1000000","0931130","1030530"
"284","27523425","身千演藝顧問股份有限公司","臺北市大安區復興南路1段82號2樓之1","null","2000000","0931019","1030502"
"285","27525325","佰皓有限公司","臺北市大安區新生南路1段165巷15號","null","1000000","0931022","1030506"
"286","27545547","臺灣總合股務資料處理股份有限公司","null","null","0","0931222","1030430"
"287","27553980","商燁貿易有限公司","新北市林口區南勢街250巷9號9樓","null","600000","0940117","1030505"
"288","27561074","神灣國際股份有限公司","臺北市大安區光復南路204巷6號12樓之1","null","2000000","0940205","1030528"
"289","27562637","楊基有限公司","臺北市大安區復興南路2段237號9樓之20","null","1000000","0940217","1030530"
"290","27579102","樂洋科技有限公司","臺北市中山區新生北路2段31之1號12樓之1","null","500000","0940407","1030514"
"291","27587026","中和大理石有限公司","桃園縣大園鄉橫峰村水源路九號","null","500000","0931230","1030520"
"292","27588616","趨益企業有限公司","新北市板橋區田單街59號1樓","null","1000000","0931231","1030521"
"293","27627195","六和敬有限公司","桃園縣中壢市環中東路232巷10號12樓","null","500000","0940302","1030526"
"294","27636960","鴻羽國際有限公司","高雄市鳳山區忠誠路36號","null","500000","0940314","1030515"
"295","27641210","璟安實業有限公司","新北市永和區中正路316號17樓之1","null","1000000","0940317","1030527"
"296","27655305","大億光能股份有限公司","臺南市新市區環西路1段6號2樓","null","794303160","0940331","1030519"
"297","27669096","育全興業有限公司","新北市板橋區金華街８５巷３４號１樓","null","500000","0940414","1030530"
"298","27682422","美樂健營養科技有限公司","高雄市鼓山區華榮路216號8樓","null","1200000","0940609","1030507"
"299","27686270","泰得設計有限公司","高雄市前鎮區二聖2路68號","null","1000000","0940721","1030514"
"300","27698114","匯上貿易有限公司","高雄市左營區文學路696號15樓之2","null","5000000","0941124","1030512"
"301","27705570","賽博林克科技有限公司","高雄市新興區仁愛1街315號1樓","null","2000000","0950223","1030528"
"302","27724106","鈊恩企業有限公司","臺北市中山區中山北路3段27號4樓之5","null","1000000","0940509","1030502"
"303","27741484","道登國際投資有限公司","臺北市士林區劍潭路6號2樓之5","null","2000000","0940627","1030509"
"304","27750103","開唯有限公司","臺北市松山區八德路4段604號之7","null","1000000","0940720","1030522"
"305","27751623","日之屋國際貿易有限公司","新北市永和區中興街106-1號","null","2000000","0940725","1030508"
"306","27755395","宏睿不動產投資顧問有限公司","臺北市大同區長安西路84號5樓之3","null","1000000","0940803","1030523"
"307","27771590","錫安國際實業有限公司","臺北市大安區復興南路1段126巷1號2樓-21","null","2050000","0940921","1030506"
"308","27776650","羊洋貿易有限公司","屏東縣潮州鎮永春里永華街137號","null","5000000","0940502","1030505"
"309","27782750","威特凱企業有限公司","臺中市豐原區三豐路662巷1號1樓","null","10000000","0940506","1030528"
"310","27785840","昱?光電有限公司","臺中市西區後龍里民權路314巷11號6樓","null","10000000","0940511","1030430"
"311","27795592","後山常春藤旅行社有限公司","花蓮縣花蓮市國裕里富安路22號2樓","null","3000000","0940523","1030512"
"312","27807865","聖貿有限公司","桃園縣桃園市民光東路８３號３樓","null","1000000","0940603","1030509"
"313","27808371","玄龍環保科技有限公司","宜蘭縣冬山鄉大興村龍祥十路9號","null","5000000","0940606","1030505"
"314","27808392","邁肯印刷設計有限公司","新北市中和區永和路458巷3弄15號2樓","null","1000000","0940606","1030512"
"315","27814351","利暐企業有限公司","桃園縣大園鄉新興路170號1樓","null","6000000","0940610","1030529"
"316","27814459","天天勇生物科技股份有限公司","臺南市永康區中興里中華路202之20號9樓","null","3000000","0940610","1030522"
"317","27828448","凡琪有限公司","新北市中和區景平路601號10樓之33","null","5000000","0940627","1030522"
"318","27836123","升楊企業有限公司","新北市蘆洲區永安北路２段６８巷１號（１樓）","null","1000000","0940706","1030505"
"319","27841420","永豐不動產有限公司","臺中市北屯區瀋陽路三段130號1樓","null","1000000","0940712","1030506"
"320","27860973","長寶堂有限公司","臺中市西區中美街６３８號１樓","null","1000000","0940804","1030521"
"321","27877427","捷影數位科技有限公司","新北市中和區立德街7巷16號","null","1000000","0940824","1030502"
"322","27880014","葛萊美國際事業股份有限公司","新北市三重區重新路２段６７號２樓","null","10000000","0940829","1030501"
"323","27884428","暉翔有限公司","桃園縣龍潭鄉金龍路８巷６１號","null","500000","0940905","1030529"
"324","27894592","景厚科技有限公司","新竹縣新豐鄉松林村潤泰街7巷8號","null","28000000","0940916","1030528"
"325","27896944","昶成室內裝修有限公司","高雄市林園區港埔二路71號1樓","null","1000000","0940920","1030509"
"326","27899772","馡颺股份有限公司","新北市淡水區中正路７２號１樓","null","1000000","0940923","1030515"
"327","27907148","全真生物科技股份有限公司","彰化縣彰化市牛埔里彰南路3段527號","null","15000000","0940930","1030523"
"328","27912780","?泰貿易有限公司","高雄市杉林區山仙路94巷14號","null","5000000","0941007","1030430"
"329","27970346","威肯工程股份有限公司","臺北市大安區復興南路1段126巷1號5樓之14","null","10000000","0941114","1030516"
"330","27984566","華摩互動媒體股份有限公司","新北市中和區中和路262巷24弄3之1號","null","10000000","0941227","1030523"
"331","27990271","禾剛興業有限公司","臺北市中山區松江路200號4樓之5","null","6000000","0950113","1030512"
"332","27996134","思思文化創意有限公司","臺北市信義區忠孝東路4段563號8樓","null","1000000","0950209","1030516"
"333","28008910","中通國際有限公司","臺北市內湖區新明路211號","null","5000000","0950324","1030515"
"334","28013364","程傑興業有限公司","臺中市大里區永隆八街２９８號３樓","null","500000","0941021","1030522"
"335","28027162","蜜拉貝爾精品有限公司","新北市汐止區伯爵街９６巷１２號１樓","null","500000","0941109","1030502"
"336","28038610","寶元國際股份有限公司","高雄市三民區中華二路354號1樓","null","27600000","0941124","1030501"
"337","28049187","金香堂國際股份有限公司","臺中市西屯區光明路52之42號1樓","null","10000000","0941207","1030505"
"338","28061029","阿官火鍋有限公司","臺中市西區大隆路2號1、2樓","null","500000","0941222","1030509"
"339","28062076","元鼎精密工業有限公司","臺中市南屯區文心南三路１２２號","null","500000","0941223","1030430"
"340","28070771","萊菲有限公司","臺北市中山區民權東路2段135巷30弄16號3樓","null","1000000","0950104","1030505"
"341","28078892","源豐印刷股份有限公司","新北市中和區中山路二段340巷22號","null","10000000","0950117","1030509"
"342","28084819","台斯經濟貿易股份有限公司","臺中市西屯區大鵬里文心路三段241號10樓之2","null","5000000","0950125","1030501"
"343","28093346","品智科技有限公司","臺中市烏日區湖日里新興路425號7樓之1","null","5000000","0950215","1030514"
"344","28097440","金塘有限公司","臺南市南區中華南路2段315巷26弄31號","null","1000000","0950222","1030502"
"345","28131947","旭運投資有限公司","新北市樹林區潭底里千歲街５３之８號３樓","null","3000000","0950327","1030501"
"346","28140798","普誠事業有限公司","臺南市北區開元里北園街87巷121弄16號1樓","null","1000000","0950404","1030515"
"347","28154259","生唯企業有限公司","臺中市南區復興路１段４８１號","null","1000000","0950420","1030501"
"348","28191281","日元興業有限公司","臺北市內湖區行善路62號1樓","null","500000","0950607","1030523"
"349","28201302","珍鑽投資有限公司","臺北市中山區松江路204巷2號5樓","null","1000000","0950711","1030530"
"350","28203483","佳城事業股份有限公司","臺北市大安區忠孝東路4段59號8樓之9","null","1000000","0950718","1030522"
"351","28222382","崧德譽開發有限公司","臺北市大同區哈密街96號","null","10000000","0950922","1030527"
"352","28228816","森田牧場國際有限公司","臺北市大安區信義路2段198巷7-3號1樓","null","1000000","0951016","1030502"
"353","28281240","生強有限公司","高雄市鼓山區華泰路181號2樓","null","2000000","0950510","1030508"
"354","28285490","廣鳴祐企業有限公司","高雄市三民區水源路16號6樓","null","1000000","0950703","1030514"
"355","28291795","彩輝科技股份有限公司","高雄市大寮區大業街19號","null","1000000","0950914","1030505"
"356","28292366","虹達建材有限公司","高雄市左營區立大路50巷17弄5號5樓之1","null","500000","0950920","1030529"
"357","28295309","汰荃股份有限公司","高雄市左營區明誠二路261巷47號1樓","null","5000000","0951101","1030526"
"358","28330262","荷邑事業有限公司","宜蘭縣礁溪鄉德陽村信義路34巷6號10樓之30","null","1000000","0950606","1030502"
"359","28332297","銓威資訊科技有限公司","新竹市中華路3段9號7樓之8","null","500000","0950608","1030523"
"360","28335718","綠葉建設股份有限公司","新北市中和區中正路772號4樓","null","1000000","0950613","1030526"
"361","28339741","佳麗奇國際服裝有限公司","臺北市萬華區武昌街2段82巷2弄3號1樓","null","1000000","0950619","1030530"
"362","28351511","友居建設有限公司","臺中市北屯區安順四街23號1樓","null","15000000","0950704","1030501"
"363","28352722","合鈦國際有限公司","新竹市中埔里7鄰華北路73號7樓","null","500000","0950705","1030520"
"364","28358036","瑞登科技有限公司","新北市樹林區大安路209號2樓","null","5000000","0950713","1030521"
"365","28359458","米可廣告事業有限公司","臺中市太平區頭汴里長龍路二段117號1樓","null","500000","0950714","1030502"
"366","28364092","裳紀食品有限公司","新北市新莊區化成路113巷60號","null","500000","0950721","1030502"
"367","28364585","緯倡生物有限公司","嘉義縣中埔鄉和興村36鄰中華路209巷53號1樓","null","500000","0950721","1030526"
"368","28370361","采鋒實業有限公司","臺南市永康區中山東路152號5樓之8","null","5000000","0950731","1030528"
"369","28372178","昍理電子有限公司","桃園縣平鎮市文心路48號","null","1000000","0950803","1030523"
"370","28391751","源慶消防設備工程有限公司","新北市新店區永安街74巷11號2樓","null","1000000","0950830","1030519"
"371","28396974","興達綜合事業有限公司","南投縣南投市平和里信義街152巷57-2號","null","500000","0950907","1030528"
"372","28403721","祿旺機電有限公司","臺中市北區賴村里健行路548號1樓","null","1000000","0950920","1030514"
"373","28408296","榮德藥品有限公司","臺南市歸仁區南興里中山路3段230巷6號1樓","null","500000","0950926","1030512"
"374","28458099","采科企業有限公司","臺北市信義區吳興街376號","null","5000000","0951220","1030526"
"375","28458561","德信不動產經紀股份有限公司","臺北市松山區南京東路5段73號1樓","null","3000000","0951221","1030506"
"376","28461361","核心數位行銷有限公司","臺北市中山區中山北路3段45號6樓之4","null","1000000","0960102","1030519"
"377","28475013","鼎瀚國際餐飲行銷股份有限公司","新北市新店區民權路105號3樓","null","5000000","0960301","1030508"
"378","28490154","宇達電子有限公司","臺北市士林區承德路4段237號10樓","null","5000000","0960425","1030520"
"379","28490443","北加企管顧問有限公司","臺中市烏日區烏日里公園一街130號1樓","null","500000","0950928","1030530"
"380","28494790","允偉企業有限公司","彰化縣大村鄉過溝村櫻花路40巷1號","null","600000","0951005","1030529"
"381","28495171","耀弘機械有限公司","新北市樹林區俊安街31巷11號","null","1000000","0951005","1030505"
"382","28500792","喬?國際有限公司","桃園縣蘆竹市新南路1段114號1樓","null","1000000","0951017","1030530"
"383","28511496","彭厝建設有限公司","新北市樹林區太順街51巷1號","null","1000000","0951101","1030526"
"384","28513895","愛鄰起重工程有限公司","新北市新店區僑信路74巷42之1號","null","1000000","0951103","1030507"
"385","28523129","寶誠數位科技有限公司","桃園縣桃園市永順街23巷31號3樓之2","null","500000","0951120","1030529"
"386","28534337","群聯工業有限公司","新北市樹林區復興路308巷1弄6號4樓","null","500000","0951206","1030513"
"387","28535461","長鼎投資股份有限公司","高雄市前鎮區民權二路100號7樓","null","2500000","0951207","1030506"
"388","28547282","沂和有限公司","臺中市北屯區中清路2-17號5樓","null","500000","0951225","1030501"
"389","28556492","樂詩服飾國際有限公司","臺北市中山區南京東路2段76號4樓","null","1000000","0960108","1030502"
"390","28560355","盈欣國際有限公司","新北市三重區五華街13巷16號4樓","null","1000000","0960115","1030513"
"391","28561740","慶豐電業有限公司","臺北市士林區重慶北路4段253號6樓","null","5000000","0960116","1030505"
"392","28564090","承建霖企業有限公司","嘉義市東區北城里忠孝路209號1樓","null","3000000","0960119","1030512"
"393","28576552","卯荃企業有限公司","新北市泰山區明志路一段462號4樓","null","500000","0960207","1030506"
"394","28581936","魏清海太陽堂老店食品有限公司","臺中市中區中正路83號","null","1000000","0960214","1030523"
"395","28581979","宏丞開發股份有限公司","null","null","0","0960215","1030530"
"396","28593623","泰駿實業有限公司","高雄市前鎮區和昌街69號1樓","null","1000000","0960705","1030509"
"397","28598583","百益電機實業有限公司","高雄市前鎮區新展路1號","null","27000000","0960917","1030516"
"398","28605466","家瑪實業有限公司","高雄市左營區孟子路161號","null","2000000","0961220","1030514"
"399","28613769","銘冠興科技有限公司","高雄市左營區重上街145號","null","250000","0970422","1030501"
"400","28613986","晶騰企業有限公司","高雄市左營區店仔頂街158號","null","1000000","0970424","1030512"
"401","28617786","遠通報關有限公司","高雄市鼓山區捷興2街37號","null","5000000","0970619","1030527"
"402","28618053","直佑國際科技有限公司","高雄市三民區建國2路84號1樓","null","500000","0970623","1030512"
"403","28618188","福康生活藥品有限公司","高雄市苓雅區福德3路202號","null","250000","0970624","1030505"
"404","28648459","鹿林實業股份有限公司","臺南市安南區?田里工業一路60號2樓","null","10000000","0960420","1030515"
"405","28660523","佳永有限公司","桃園縣龜山鄉山鶯路35號","null","1000000","0960508","1030507"
"406","28662156","廣達消防安全設備有限公司","桃園縣大溪鎮內柵路1段98巷40弄2號","null","2000000","0960509","1030509"
"407","28662965","亞應科技股份有限公司","彰化縣田中鎮西路里西路街７２號","null","1000000","0960510","1030515"
"408","28670070","永居建設有限公司","彰化縣埔心鄉東門村中正路一段19號1樓","null","500000","0960522","1030529"
"409","28674575","博運通物流管理股份有限公司","臺北市松山區民生東路4段133號3樓","null","4000000","0960509","1030526"
"410","28684497","艾萊國際有限公司","臺北市大安區通化街25號","null","1000000","0960612","1030502"
"411","28687001","旭達建設股份有限公司","臺北市中山區中山北路2段59巷45號5樓之5","null","10000000","0960622","1030513"
"412","28697079","寶星生技股份有限公司","桃園縣桃園市北門里三民路二段197號3樓","null","10000000","0960726","1030514"
"413","28714979","我本墨客股份有限公司","臺北市南港區重陽路489之1號","null","150000000","0961008","1030509"
"414","28724940","宏厚建設股份有限公司","彰化縣伸港鄉新港村中華路47巷29號2樓","null","1200000","0960529","1030526"
"415","28731359","靖遠不動產仲介經紀有限公司","新北市樹林區中山路一段47號","null","500000","0960607","1030528"
"416","28732131","大桃園國際人力資源股份有限公司","桃園縣中壢市元化路2段47號12樓","null","2000000","0960608","1030509"
"417","28735427","凱拓科技有限公司","新竹縣湖口鄉新竹工業區四維路2號","null","1000000","0960613","1030522"
"418","28748302","沛奭國際實業有限公司","高雄市苓雅區金門街33號","null","5000000","0960703","1030528"
"419","28751306","盛元貿易有限公司","臺南市麻豆區中山路144之5號","null","3500000","0960706","1030502"
"420","28752446","臻龍食品流通有限公司","桃園縣大溪鎮仁文里福居街３巷４號１樓","null","1000000","0960709","1030507"
"421","28758960","柏觀企業有限公司","臺南市東區裕農里東寧路540號7樓之4","null","3000000","0960719","1030520"
"422","28762916","柏勝貿易有限公司","高雄市三民區覺民路202號11樓","null","1000000","0960724","1030506"
"423","28762943","禾佑國際實業有限公司","桃園縣中壢市新街里元化路226號5樓","null","2000000","0960724","1030507"
"424","28771491","鎰新清潔有限公司","新北市板橋區莊敬路208巷4弄7號3樓","null","500000","0960807","1030526"
"425","28781343","翊空間網路資訊有限公司","臺南市永康區二王里13鄰永二街459巷31弄11號1樓","null","1000000","0960822","1030506"
"426","28784355","安適科技工程有限公司","新北市汐止區大同路3段206號8樓","null","1000000","0960828","1030514"
"427","28792783","朝祥化工有限公司","臺中市南區平和里美和街19號1樓","null","1600000","0960912","1030519"
"428","28798251","鉅廣工程有限公司","高雄市大寮區會社里鳳林三路382巷117號3樓","null","6000000","0960921","1030430"
"429","28808005","東風生活事業有限公司","桃園縣中壢市明德里24鄰合浦街75號1樓","null","700000","0961011","1030502"
"430","28811732","甲晟工程有限公司","新北市樹林區名園街51巷6弄36號3樓","null","1000000","0961017","1030501"
"431","28814506","崑暉工程有限公司","新北市永和區民生路67巷26號1樓","null","1000000","0961023","1030530"
"432","28815343","金裕富有限公司","新北市三峽區大埔路33巷6號","null","3000000","0961024","1030523"
"433","28825068","生態能源科技股份有限公司","臺北市中山區松江路148號4樓","null","1000000","0961116","1030509"
"434","28827930","弘碁國際事業有限公司","宜蘭縣礁溪鄉德陽村信義路34巷6號10樓之30","null","1000000","0961127","1030502"
"435","28841932","中聚光電有限公司","臺北市大安區信義路4段50號","null","650000","0970122","1030506"
"436","28842897","虹達國際有限公司","臺北市中山區新生北路2段43號7樓之5","null","1000000","0970125","1030522"
"437","28843559","欣富發實業有限公司","臺北市松山區南京東路5段291巷5弄12號","林茗富","5000000","0970129","1030521"
"438","28845640","宸揚不動產投資顧問有限公司","臺北市大安區敦化南路2段28號2樓之1","null","500000","0970213","1030523"
"439","28864907","仁亙有限公司","臺北市大同區長安西路181號","null","1000000","0970430","1030505"
"440","28868592","堡嶺有限公司","臺北市內湖區行忠路60號8樓","null","250000","0970513","1030501"
"441","28871772","聿晟科技有限公司","彰化縣彰化市彰南路一段300巷99弄43號","null","10000000","0961102","1030512"
"442","28876045","裕龍科技塑材有限公司","臺南市歸仁區看西里成功七街56巷22號1樓","null","10000000","0961109","1030519"
"443","28879021","瑋皇能源股份有限公司","彰化縣彰化市牛埔里彰南路３段５２７號２樓","null","30000000","0961115","1030522"
"444","28881075","言中行企業有限公司","新北市永和區國中路132巷6弄5號4樓","null","1500000","0961119","1030530"
"445","28898195","科強工程有限公司","新北市新莊區裕民里中正路新生巷41-3號","null","5000000","0961218","1030501"
"446","28912295","台灣法樂髮品有限公司","基隆市仁愛區愛七路50號4樓","null","1000000","0970111","1030516"
"447","28914619","程匠鋼鐵設計實業有限公司","臺中市沙鹿區鹿峰里星河路３３３之９號１樓","null","5000000","0970116","1030507"
"448","28914673","虹勁有限公司","新竹縣竹北市縣政五街12號7樓","null","2000000","0970116","1030522"
"449","28924692","孟奇拉企業有限公司","臺中市北區忠明路432號5樓之2","null","500000","0970201","1030526"
"450","28929042","富生生物科技股份有限公司","臺中市北屯區軍功里軍功路2段850巷32弄15號2樓","null","5000000","0970218","1030520"
"451","28931504","宇力新國際有限公司","臺中市南屯區寶山里寶山五街132號3樓","null","1800000","0970222","1030520"
"452","28935591","展紳企業有限公司","桃園縣蘆竹市瓦窯村7鄰廟口100之9號1樓","null","3000000","0970303","1030527"
"453","28948202","心力整合顧問有限公司","新北市新店區光明街168巷3弄5號2樓","null","1000000","0970324","1030527"
"454","28953892","凱冠有限公司","新北市板橋區吳鳳路81巷23號","null","500000","0970331","1030513"
"455","28959495","百榮生技股份有限公司","高雄市大寮區中庄里四維路263號1樓","null","1000000","0970408","1030512"
"456","29009037","恆兆鑫國際有限公司","高雄市三民區聯興路113號","null","500000","0971212","1030515"
"457","29016656","達仁管理顧問股份有限公司","高雄市新興區民生1路56號17樓之3","null","500000","0980417","1030513"
"458","29025959","橘日設計有限公司","高雄市大寮區文化路文化三巷2號1樓","null","200000","0980821","1030512"
"459","29028077","愛芯有限公司","高雄市鳥松區美山路184號","null","500000","0980918","1030430"
"460","29040311","山海幸食業有限公司","臺北市萬華區德昌街7巷17號1樓","null","3000000","0970627","1030516"
"461","29043020","昊樺貿易有限公司","臺北市大同區民族西路181號4樓","null","500000","0970708","1030523"
"462","29056093","寶生堂漢方食品有限公司","高雄市左營區曾子路398號2樓","null","1000000","0970828","1030505"
"463","29073558","東金興業有限公司","臺北市士林區承德路4段184號10樓","null","1000000","0980630","1030521"
"464","29086364","弘爵科技通信有限公司","桃園縣八德市前程街13巷10號1樓","null","500000","0970501","1030502"
"465","29096145","十方緣心靈工坊有限公司","新北市新店區北新路3段82號8樓","null","1000000","0970520","1030513"
"466","29099467","名宸貿易有限公司","臺南市後壁區嘉田里上茄苳111之10號","null","1200000","0970523","1030522"
"467","29100339","磁鑽企業有限公司","新北市五股區四維路114號5樓","null","1000000","0970526","1030516"
"468","29112790","勁輝科技有限公司","桃園縣八德市大安里和平路587號1樓","null","450000","0970617","1030521"
"469","29118056","伸崙貿易有限公司","桃園縣龜山鄉新樂街33號","null","5000000","0970625","1030506"
"470","29118909","優逸實業有限公司","新北市新莊區思源里明中街12之9號5樓","null","3000000","0970626","1030502"
"471","29120193","安捷防盜科技有限公司","臺南市南區喜東里明興路681巷38號","null","1000000","0970627","1030519"
"472","29133900","女子廣告有限公司","新北市中和區水源路36巷1弄1之3號","null","1000000","0990122","1030513"
"473","29144174","豐祿光電有限公司","新北市土城區金城路1段56號16樓之5","null","1000000","0990325","1030520"
"474","29146150","億富不動產仲介經紀有限公司","新北市樹林區中華路243號","null","842000","0990331","1030528"
"475","29147186","欣邦材料科技股份有限公司","新北市汐止區新台五路1段79號4樓之11","null","25000000","0990406","1030508"
"476","29148495","鈺龍科技有限公司","新北市三重區碧華街416號2樓","null","500000","0990412","1030526"
"477","29150647","合德萊建設股份有限公司","新北市板橋區西安里板新路112之2號","null","10000000","0990420","1030502"
"478","29151723","傳承生技股份有限公司","新北市土城區中正路1號9樓之2","null","9500000","0990427","1030514"
"479","29152265","昇鴻印刷有限公司","新北市三重區中華路78之2號3樓","null","500000","0990428","1030520"
"480","29158303","光匠科技股份有限公司","新北市樹林區中山路1段152號7樓之1","null","29400000","0990524","1030520"
"481","29166676","可可美有限公司","新北市土城區柑林里裕民路275號3樓","null","100000","0990629","1030522"
"482","29177152","東篁文創有限公司","新北市三重區自強路1段236號6樓","null","800000","0990818","1030523"
"483","29177250","築象創意有限公司","新北市汐止區新台五路1段179號18樓","null","150000","0990819","1030530"
"484","29178315","莘富貿易有限公司","新北市新莊區後港一路130巷4號4樓之1","null","100000","0990825","1030521"
"485","29184822","金宏開能精密有限公司","臺南市新市區豐華里南科二路12號R202室","null","5000000","1000729","1030509"
"486","29186238","威美應用材料有限公司","高雄市前鎮區中六路5號1樓","null","20000000","1010925","1030506"
"487","30834676","松君企業有限公司","臺北市大安區復興南路2段295號2樓","null","4000000","0660922","1030505"
"488","30939448","安光實業有限公司","臺北市信義區松信路38號2樓","null","3000000","0700312","1030512"
"489","30951097","榮臣有限公司","臺北市大安區和平東路2段311巷34弄5號1樓","null","5000000","0700717","1030519"
"490","31104677","錢興通信有限公司","臺北市士林區承德路4段27號1樓","null","5000000","0680507","1030519"
"491","33382274","榮山工程有限公司","新北市土城區中央路一段118巷1弄24號5樓","null","5000000","0600625","1030526"
"492","33435907","金環球開發股份有限公司","新北市板橋區流芳里南門街61號4樓","null","88704000","0421225","1030516"
"493","33785235","聖山汽車材料有限公司","新北市淡水區大義街四一號之三︵四樓︶","null","1000000","0671213","1030527"
"494","33842215","百佳興業有限公司","臺北市文山區羅斯福路6段106號7樓","null","5000000","0681221","1030502"
"495","34550186","鈞昌實業有限公司","新北市板橋區大同街三五巷二八號四樓","null","10000000","0711013","1030526"
"496","34589035","美相液晶工業股份有限公司","新北市新店區中正路501之16號4樓","null","25000000","0721118","1030514"
"497","35976081","源昌汽車有限公司","新北市三重區溪尾街1之1號","null","1000000","0670408","1030507"
"498","36187824","愛蒂歐企業有限公司","新北市三重區重新路四段二一四巷五弄九號一樓","null","5000000","0720520","1030523"
"499","36215103","榮格企業有限公司","新北市汐止區橫科路18巷32弄4號3樓","null","1000000","0730402","1030530"
"500","43901058","湧晟興業有限公司","桃園縣龜山鄉南上村民生北路一段425號","null","1000000","0711124","1030514"
"501","43928845","寶鶴實業有限公司","桃園縣桃園市大同西路五四號二樓","null","1500000","0730625","1030509"
"502","44024509","群淳企業有限公司","桃園縣桃園市忠義里三元街71號1樓","null","5000000","0740621","1030519"
"503","46403569","華茂電器工業有限公司","新竹市虎林里8鄰延平路2段91號","null","6900000","0611007","1030513"
"504","47049166","大亞電業有限公司","新竹市中山路四六九巷九號五樓","null","5000000","0630419","1030516"
"505","49673067","振發帽蓆有限公司","苗栗縣苑裡鎮苑北里16鄰天下路159號","null","1160000","0620419","1030507"
"506","51234163","合眾機械科技有限公司","臺中市東區建智街81號","null","10000000","0600201","1030529"
"507","52810282","宙品企業有限公司","臺中市西屯區西屯路三段宏恩三巷三五弄七號一樓","null","1000000","0711214","1030508"
"508","52823688","加英貿易有限公司","臺中市西區中美街二四三巷十三號二樓","null","10000000","0740319","1030522"
"509","52871251","松維國際貿易有限公司","臺中市西區梅川西路一段一二六號一樓","null","5000000","0721115","1030527"
"510","52907531","信昌熱處理有限公司","臺中市太平區永成路109號","null","5000000","0730828","1030526"
"511","53032656","尼品貿易有限公司","高雄市前鎮區武慶一路２５２號２樓","null","300000","0990427","1030505"
"512","53038526","荃蔚貿易有限公司","彰化縣彰化市延平里延平路398巷28號5樓","null","2000000","0990507","1030520"
"513","53040190","點墨文創整合行銷有限公司","臺中市西屯區何南里大安街17號2樓之2  ","null","1000000","0990511","1030519"
"514","53043540","發佳發機械實業有限公司","臺中市大里區西湖里1鄰西湖路77號","null","500000","0990518","1030501"
"515","53050921","永伍實業有限公司","嘉義縣朴子市安福里四維路1段1號1樓","null","1500000","0990601","1030520"
"516","53075893","裘思有限公司","臺中市西屯區市政北一路1號1樓1Ａ","null","100000","0990721","1030506"
"517","53076865","亞士特休閒用品企業有限公司","宜蘭縣五結鄉四結村中正路1段20號","null","250000","0990722","1030522"
"518","53083710","數位資通股份有限公司","臺北市內湖區民權東路6段180巷6號9樓之29","null","10000000","0990813","1030527"
"519","53087737","忞翔國際有限公司","臺北市中正區廈門街147巷2-3號1樓","null","500000","0990827","1030521"
"520","53087814","吉智企管顧問股份有限公司","臺北市大同區迪化街1段179號","null","500000","0990827","1030514"
"521","53093409","鑫磊重機械有限公司","臺北市南港區市民大道8段588巷26號","null","3000000","0990917","1030528"
"522","53096285","心靈世紀顧問有限公司","臺北市大同區長安西路303-2號1樓","null","120000","0990930","1030514"
"523","53097377","東方美學有限公司","臺北市大安區忠孝東路4段155號7樓","null","1000000","0990924","1030509"
"524","53103315","激光有限公司","臺北市中正區寧波西街80號5樓","null","500000","0991025","1030505"
"525","53106100","全球環能行銷事業股份有限公司","臺北市中正區衡陽路10號12樓","null","25000000","0991103","1030505"
"526","53111271","鐳朋商務科技有限公司","臺北市中山區龍江路1號5樓之3","null","500000","0991123","1030501"
"527","53113186","譽航投資有限公司","臺北市信義區忠孝東路5段1-7號10樓","null","500000","0991201","1030507"
"528","53113658","傑穩國際貿易有限公司","桃園縣蘆竹市中山路17號14樓","null","500000","0991202","1030509"
"529","53116579","正懋興業有限公司","臺北市萬華區艋舺大道86巷22號","null","200000","0991213","1030519"
"530","53126823","艾多斯股份有限公司","臺北市大安區忠孝東路4段285號5樓","null","1000000","1000120","1030521"
"531","53131776","達鴻科技有限公司","苗栗縣頭份鎮蟠桃里信三街116號2樓","null","5000000","0990802","1030519"
"532","53132867","美星工程有限公司","新竹市文雅里竹光路111號1樓","null","700000","0990803","1030514"
"533","53136385","駿毅不動產開發有限公司","桃園縣桃園市同安里中正路888號1樓","null","1000000","0990810","1030505"
"534","53136630","亞奕光學有限公司","臺南市安南區淵中里安中路4段154巷57弄45號1樓","null","300000","0990810","1030526"
"535","53144934","新屋農特產品有限公司","桃園縣新屋鄉清華村新華路一段156號","null","3000000","0990826","1030506"
"536","53152069","京虹股份有限公司","臺中市北區頂厝里漢口路4段367號7樓","null","6000000","0990910","1030430"
"537","53156380","雅典家具有限公司","桃園縣龜山鄉大崗村忠義路二段595巷2號3樓","null","1000000","0990920","1030501"
"538","53156396","大元生技食品有限公司","屏東縣麟洛鄉麟趾村中華路農田巷7號","null","200000","0990920","1030527"
"539","53160429","宏揚國際開發有限公司","桃園縣楊梅市頭湖里楊湖路二段1巷313弄116號","null","30000000","0990929","1030515"
"540","53162030","亞斯蘭大有限公司","臺中市北屯區后庄里后庄路240號2樓","null","200000","0991001","1030509"
"541","53169483","京泰視聽歌唱有限公司","桃園縣龍潭鄉龍潭村龍華路64號4樓","null","300000","0991018","1030515"
"542","53173727","故事樂園有限公司","新竹市三民里民族路67巷1弄25號1樓","null","3000000","0991025","1030521"
"543","53182916","日新家具設計有限公司","新北市樹林區北園里西圳街1段92號","null","1000000","0990929","1030516"
"544","53206184","承澔企業有限公司","新北市板橋區中山路2段60巷39弄35號2樓","null","1000000","1000120","1030527"
"545","53208818","昇冠國際科技有限公司","新北市中和區景平里景新街363號(1樓)","null","250000","1000131","1030512"
"546","53215199","康宜科技有限公司","新北市中和區安平路155號9樓","null","1000000","1000314","1030519"
"547","53215424","寰曜投資有限公司","新北市土城區中正里裕民路185巷6弄1號2樓","null","1000000","1000315","1030501"
"548","53218251","太源包裝事業有限公司","臺北市中山區林森北路561號5樓","null","1000000","1000325","1030502"
"549","53220974","昱洋資訊有限公司","新北市淡水區新義里大信街7號","null","500000","1000407","1030508"
"550","53237118","情意國際藝術有限公司","高雄市左營區重安路４３巷７號５樓","null","2000000","1000303","1030516"
"551","53245686","麗媚思股份有限公司","臺北市中山區中山北路2段59巷45號3樓之5","null","6000000","1000505","1030526"
"552","53247116","泓映國際科技有限公司","高雄市楠梓區楠梓新路240號1樓","null","250000","1000519","1030512"
"553","53247452","川銳傳動科技有限公司","高雄市小港區忠德街22號1樓","null","10000000","1000523","1030506"
"554","53250300","鑫鴻投資開發有限公司","高雄市鼓山區裕豐街4號1樓","null","67000000","1000617","1030523"
"555","53252004","天澤室內設計有限公司","高雄市左營區新中街52之1號1樓","null","1000000","1000630","1030520"
"556","53256803","厤塋企業有限公司","高雄市鳳山區過勇路265巷17號2樓","null","1000000","1000815","1030505"
"557","53257417","華藝電器有限公司","高雄市新興區民族二路36號25樓之1","null","5000000","1000818","1030507"
"558","53261496","凱葉企業有限公司","桃園縣桃園市中寧里同德二街151巷1弄16號","null","300000","0991110","1030527"
"559","53268343","貓生活股份有限公司","新竹縣竹東鎮榮華里北興路三段100巷17號2樓","null","300000","0991124","1030509"
"560","53270609","商域顧問有限公司","基隆市安樂區七賢里安和一街6巷67之2號","null","100000","0991130","1030502"
"561","53278460","飛騰有限公司","南投縣草屯鎮碧峰里碧山路1173巷4弄1號","null","1000000","0991215","1030528"
"562","53280466","郝昌有限公司","臺中市太平區永成北路65號1樓","null","200000","0991220","1030512"
"563","53281205","詡恩有限公司","高雄市大社區大社里三民路354號1樓","null","500000","0991221","1030506"
"564","53286763","立崧五金有限公司","彰化縣員林鎮三義里莒光路161巷16號","null","1000000","0991231","1030505"
"565","53301574","翠如坊有限公司","臺北市中山區南京東路3段89巷3弄13號(2樓)","null","60000000","1000131","1030509"
"566","53302659","翔凌電子商務有限公司","臺南市安平區國平里永華八街2號12樓之3","null","800000","1000209","1030523"
"567","53303030","尚益管理顧問有限公司","宜蘭縣宜蘭市進士里進士路46-2號1樓","null","100000","1000210","1030512"
"568","53303427","台灣艾普利亞股份有限公司","桃園縣桃園市中山路788巷29號10樓","null","3000000","1000211","1030516"
"569","53305810","史密斯電磁科技有限公司","新竹市仙水里光復路一段531巷72-1號5樓","null","500000","1000218","1030505"
"570","53308540","本曜有限公司","桃園縣中壢市溪洲街267巷1號8樓","null","1000000","1000224","1030516"
"571","53322249","淨寶生技國際有限公司","臺北市信義區松德路65號11樓之2","null","680000","1000322","1030512"
"572","53332295","匯晟興業有限公司","臺北市信義區虎林街272巷8號","null","100000","1000422","1030508"
"573","53334619","婕莉國際貿易有限公司","臺北市中山區龍江路356巷20號5樓","null","1000000","1000429","1030508"
"574","53342765","大方不動產有限公司","臺北市大安區信義路4段311號","null","3000000","1000527","1030528"
"575","53350841","安盛有限公司","臺北市中山區農安街13號1樓","null","2000000","1000622","1030509"
"576","53351567","金朋金屬有限公司","臺北市松山區南京東路4段186號11樓之4","null","50000","1000623","1030501"
"577","53354017","台灣日探股份有限公司","臺北市松山區八德路4段678號4樓之1","null","7600000","1000701","1030509"
"578","53365794","誠佑國際股份有限公司","臺中市北屯區后庄里敦化路467巷30弄6號3樓","null","2000000","1000310","1030515"
"579","53366822","崇喜建設開發有限公司","臺中市烏日區中華路611號3樓之5","null","20000000","1000314","1030502"
"580","53369671","多寶管理顧問有限公司","屏東縣屏東市永安里棒球路103巷9號2樓","null","250000","1000317","1030507"
"581","53380319","泉興國際水產有限公司","桃園縣桃園市東埔里民光路19號1樓","null","1000000","1000407","1030508"
"582","53385200","金采營造有限公司","苗栗縣公館鄉館南村1鄰館南3號1樓","null","3000000","1000415","1030529"
"583","53390772","金凱莉有限公司","臺中市北區光大里五權路228號3樓","null","100000","1000426","1030501"
"584","53391358","經典國泰開發股份有限公司","新竹市東區東勢里忠孝路279-2號","null","2000000","1000427","1030502"
"585","53396240","沅竑企業有限公司","臺南市西港區西港里中州25-43號","null","300000","1000505","1030530"
"586","53397016","方城不動產開發有限公司","臺中市西屯區大墩路881號1樓","null","1000000","1000509","1030506"
"587","53399942","宇億不動產仲介有限公司","臺南市中西區光賢里中華西路2段628號1樓","null","660000","1000513","1030521"
"588","53401454","立岳國際貿易有限公司","新竹市北區新雅里成功路262號1樓","null","1000000","1000516","1030509"
"589","53405395","全聯電通有限公司","臺南市永康區復華里復國一路588號1樓","null","500000","1000523","1030505"
"590","53405640","安欣加工程有限公司","桃園縣八德市大福里力行街23號5樓之13","null","1000000","1000524","1030526"
"591","53424983","虹暉建設股份有限公司","新北市板橋區中山路1段293之1號8樓","null","1000000","1000722","1030529"
"592","53429690","偉舜國際企業有限公司","新北市新莊區福興里五工三路62巷12號","null","3000000","1000812","1030508"
"593","53433272","甘霖生技有限公司","新北市汐止區智慧里大同路2段275號6樓","null","300000","1000829","1030505"
"594","53433316","現行易有限公司","新北市板橋區埔墘里中山路2段408號","null","1500000","1000829","1030507"
"595","53437262","新馥開發建設股份有限公司","臺北市大安區光復南路102號8樓","null","10000000","1000916","1030527"
"596","53439971","智理空間設計有限公司","新北市永和區中正路736號(1樓)","null","800000","1000929","1030515"
"597","53451670","翔昀設計有限公司","新北市五股區成泰路3段2巷9號10樓之6","null","3000000","1001011","1030515"
"598","53455296","捷群機械有限公司","新北市樹林區三龍街80巷23號","null","600000","1001026","1030530"
"599","53456252","盛麗國際開發有限公司","臺北市松山區民族東路689號(1樓)","null","20000000","1001101","1030516"
"600","53456491","武林功夫有限公司","臺北市士林區大南路415號3樓","null","400000","1001101","1030502"
"601","53457822","炳煌有限公司","新北市中和區廟美里泰和街38巷19號","null","2000000","1001108","1030515"
"602","53458646","兆武運動科技有限公司","新北市土城區青雲里青雲路62號1樓","null","1000000","1001115","1030515"
"603","53480942","來乃康有限公司","臺中市南屯區大墩十四街194號4樓","null","5000000","1000622","1030530"
"604","53485290","添懿有限公司","花蓮縣吉安鄉吉安村中央路2段139巷4弄22號","null","100000","1000629","1030528"
"605","53495852","豪翔樂坊有限公司","桃園縣桃園市龍鳳里龍安街131號2樓","null","100000","1000720","1030519"
"606","53499365","富祥照明有限公司","桃園縣桃園市大興西路2段6號6樓之4","null","2000000","1000726","1030519"
"607","53501524","津驊傢俱有限公司","新竹市前溪里經國路一段220號","null","1000000","1000729","1030430"
"608","53508857","蘋果上晟廣告有限公司","桃園縣桃園市國際路二段38之1號3樓","null","1000000","1000815","1030526"
"609","53512043","永睫股份有限公司","臺中市南屯區向心里文心南二路170巷23之9號1樓","null","2000000","1000822","1030523"
"610","53512705","翊紘室內裝修規劃設計有限公司","花蓮縣花蓮市國風里11鄰林政街51號","null","3000000","1000822","1030530"
"611","53512888","堉堂國際股份有限公司","臺中市北屯區軍功里東山路一段238巷25弄56號1樓","null","1000000","1000823","1030521"
"612","53513401","壹統國際行銷有限公司","彰化縣溪湖鎮東寮里彰水路四段439巷66弄25號1樓","null","1000000","1000824","1030501"
"613","53518519","蘋碩農產有限公司","桃園縣中壢市福德里成功路133巷44弄18號","null","530000","1000902","1030523"
"614","53521824","台灣百大品牌平台有限公司","新北市中和區自立路2巷1-1號","null","500000","1000726","1030527"
"615","53524097","噗浪國際資訊股份有限公司","臺北市信義區基隆路1段159號11樓之1","null","500000","1000803","1030523"
"616","53529023","傳達雅意展覽服務有限公司","臺北市松山區南京東路5段251巷32弄9號2樓","null","1000000","1000818","1030526"
"617","53531554","佳津科技有限公司","臺北市大安區和平東路3段308巷58號3樓","null","300000","1000826","1030530"
"618","53542031","珍大立食品有限公司","臺北市內湖區內湖路1段109號","null","1000000","1001004","1030520"
"619","53546199","品鑫行銷股份有限公司","臺北市大安區金山南路2段141巷20號","null","2000000","1001017","1030522"
"620","53548648","沐沐有限公司","新北市淡水區八勢里中正東路2段87之1號","null","500000","1001025","1030508"
"621","53553846","新環照明有限公司","臺北市中山區龍江路1號5樓之3","null","300000","1001111","1030501"
"622","53555302","鑫漾創意國際有限公司","臺北市大安區復興南路1段253巷2號9樓之2","null","1000000","1001117","1030526"
"623","53555725","容揚有限公司","臺北市內湖區成功路4段8號6樓","null","1040000","1001118","1030519"
"624","53555990","沛訓國際教育訓練股份有限公司","臺中市西區民龍里臺灣大道二段309號12樓之1","null","5000000","1001118","1030528"
"625","53563921","誰先覺有限公司","臺北市內湖區港墘路185號9樓","null","300000","1001219","1030501"
"626","53564914","裕林時尚有限公司","臺北市北投區文林北路280號7樓","null","300000","1001221","1030508"
"627","53569072","佳震行動科技有限公司","臺北市中山區南京東路3段101號4樓","null","2000000","1010105","1030516"
"628","53574069","快樂森林企業有限公司","高雄市鳳山區錦富街28號3樓","null","500000","1001024","1030509"
"629","53574835","鑫台興業有限公司","高雄市三民區水源路18號9樓","null","10000000","1001031","1030528"
"630","53575476","合平貿易有限公司","高雄市小港區松信路19號3樓","null","100000","1001107","1030506"
"631","53582589","晉昇機械有限公司","高雄市仁武區鳳仁路９７之９號","null","1000000","1010112","1030502"
"632","53583840","康美麵包食品有限公司","高雄市仁武區竹後里竹門巷１０１之４號","null","200000","1010201","1030501"
"633","53585116","震翔民俗文化事業有限公司","臺南市新化區豐榮里信義路463號1樓","null","1000000","1010214","1030527"
"634","53588922","欣肯企業有限公司","高雄市岡山區大埔一街52巷5號1樓","null","300000","1010319","1030522"
"635","53594804","富瀚開發有限公司","高雄市左營區?後街31號1樓","null","1000000","1010503","1030520"
"636","53595389","台灣歐陸能源有限公司","高雄市苓雅區大順三路281巷25號1樓","null","500000","1010509","1030516"
"637","53601066","路加工業有限公司","臺中市太平區仔坑路12巷23號1樓","null","600000","1000908","1030505"
"638","53603563","奇佑金有限公司","桃園縣龜山鄉嶺頂村東萬壽路313巷7號","null","1000000","1000915","1030513"
"639","53606506","光鴻精密股份有限公司","臺中市神岡區中山路1010巷2-5號","null","40200000","1000921","1030512"
"640","53608764","惟元建設有限公司","臺中市北區建興里崇德路一段268-3號","null","4000000","1000926","1030507"
"641","53617932","京威精密有限公司","臺中市西區公德里大忠街36號9樓之4","null","1000000","1001014","1030505"
"642","53618279","宇惠生技有限公司","桃園縣桃園市中山里泰昌十街14號7樓","null","500000","1001014","1030430"
"643","53625911","躍群科技有限公司","南投縣水里鄉鉅工村民族路382號","null","300000","1001031","1030514"
"644","53626361","有秝嬰兒用品有限公司","臺中市太平區新高里中山路四段82-2號","null","900000","1001101","1030501"
"645","53629873","帝大建設有限公司","臺東縣臺東市民生里開封街371號","null","2000000","1001109","1030521"
"646","53642284","盈銓金屬有限公司","臺南市北區成德里西門路4段171巷20弄19-2號1樓","null","300000","1001206","1030507"
"647","53681173","松林工業有限公司","新北市新莊區西盛里新樹路331號","null","168888","1010119","1030501"
"648","53681981","維璽國際有限公司","新北市林口區文化三路2段115巷52號","null","10000","1010202","1030509"
"649","53682686","華益資訊顧問有限公司","新北市板橋區四川路2段237號4樓之4","null","500000","1010207","1030506"
"650","53686487","帥綺有限公司","新北市永和區中正路501號1樓","null","100000","1010224","1030520"
"651","53691881","廣勝數位科技有限公司","臺北市士林區中山北路7段219巷12號(1樓)","null","2000000","1010320","1030522"
"652","53691947","華冠文創股份有限公司","新北市板橋區懷德街174巷16號","null","1000000","1010321","1030514"
"653","53697793","大立通商有限公司","新北市五股區五股里中興路4段40號10樓之1","null","6000000","1010416","1030505"
"654","53700684","中國人力顧問有限公司","新北市中和區中原里板南路661號2樓","null","2000000","1010427","1030523"
"655","53702992","大元貿易股份有限公司","新北市樹林區南園里學成路701號(1樓)","null","3500000","1010508","1030519"
"656","53703227","尚鼎生技有限公司","新北市八里區中山路2段410號","null","500000","1010509","1030519"
"657","53703373","德逸有限公司","新北市樹林區太順街65號5樓","null","500000","1010510","1030521"
"658","53708095","遠東巨雲國際投資顧問有限公司","新北市板橋區雙玉里富山街3號","null","200000","1010601","1030527"
"659","53713983","思脈媒體有限公司","新北市新店區中正路26號","null","500000","1010627","1030527"
"660","53714224","呈佳廣告有限公司","新北市林口區文化三路1段447巷35號","null","5000000","1010629","1030521"
"661","53717849","澄霖開發股份有限公司","新北市板橋區文化路2段315號(2樓)","null","1000000","1010717","1030514"
"662","53718896","大祐有限公司","臺北市北投區中央南路2段28號","null","10000000","1010723","1030508"
"663","53720801","東方麗緻婚禮有限公司","新北市板橋區中山路1段118號","null","5000000","1010731","1030508"
"664","53722580","昂宥科技有限公司","新北市永和區福和路182號5樓","null","1000000","1010810","1030516"
"665","53726994","潔克清潔有限公司","新北市鶯歌區尖山里尖山路240巷21弄13號(1樓)","null","500000","1010831","1030530"
"666","53728888","宥鑫國際有限公司","新北市新店區寶元路2段36號1樓","null","2000000","1010911","1030530"
"667","53729606","征戰雲端國際開發有限公司","新竹市海濱里天府路2段120號1樓","null","1000000","1010109","1030515"
"668","53732270","漢斯食品企業有限公司","臺北市中山區松江路274號4樓","null","6000000","1010118","1030508"
"669","53737079","鴻電電機有限公司","臺北市松山區慶城街50號","null","1000000","1010214","1030501"
"670","53737090","宏鼎建設有限公司","臺北市中山區建國北路2段147號13樓","null","5000000","1010214","1030529"
"671","53739891","奧斯卡國際運動有限公司","臺北市大安區和平東路3段66之2號","null","2000000","1010223","1030523"
"672","53743488","博格思行銷有限公司","臺北市大安區和平東路2段201號3樓","null","500000","1010308","1030514"
"673","53746133","閱暘環球資產管理有限公司","臺北市信義區光復南路567號16樓之13","null","600000","1010314","1030529"
"674","53748580","珈邦貿易有限公司","臺北市內湖區內湖路1段659號10樓之3","null","2000000","1010322","1030516"
"675","53749384","高尊股份有限公司","臺北市松山區南京東路3段287號9樓","null","31500000","1010323","1030506"
"676","53751579","全方位國際商業有限公司","桃園縣大園鄉三民路二段440號1樓","null","50000000","1010330","1030505"
"677","53760182","木瑪空間設計有限公司","臺北市信義區松德路65號11樓之2","null","700000","1010426","1030522"
"678","53761247","波思特創意有限公司","臺北市中山區民族東路128號3樓","null","1000000","1010501","1030506"
"679","53763189","美客喜樂有限公司","臺北市中正區辛亥路1段9號1樓","null","5000000","1010508","1030505"
"680","53763786","桓境設計顧問有限公司","臺北市松山區南京東路5段71號3樓之2","null","250000","1010511","1030507"
"681","53765996","展順陞興業有限公司","臺北市信義區富陽街44巷2號1樓","null","2000000","1010516","1030508"
"682","53769634","聖翰貿易有限公司","臺北市大安區仁愛路4段133號1樓","null","1000000","1010529","1030502"
"683","53776591","逸居裝潢工程有限公司","臺北市信義區崇德街84號1樓","null","1000000","1010620","1030526"
"684","53780650","鼎紀國際企業有限公司","彰化縣埔鹽鄉太平村大新路一巷二橫巷2-9號1樓","null","200000","1001222","1030509"
"685","53780808","耀欣管理顧問有限公司","桃園縣八德市大智里永安街24號1樓","null","500000","1001222","1030530"
"686","53782427","零八九五七酒店有限公司","桃園縣桃園市中和里中山路30號5樓","null","300000","1001227","1030512"
"687","53793655","采泓國際有限公司","臺中市北區明德里忠太東路94號1樓","null","100000","1010119","1030506"
"688","53798737","育京科技有限公司","臺中市西屯區西平里西安街277巷77弄17號5樓之2","null","500000","1010209","1030528"
"689","53801509","東泰興國際有限公司","臺中市南屯區東興東街26巷4號1樓","null","2000000","1010215","1030523"
"690","53801629","廣誠開發建設有限公司","臺中市西屯區何成里大墩路921號5樓","null","3000000","1010216","1030526"
"691","53802465","茂涵有限公司","桃園縣平鎮市莊敬里日星街48巷8弄3號1樓","null","60000","1010217","1030512"
"692","53809967","立進股份有限公司","新竹縣竹東鎮員崠里16鄰東峰路220巷14號1樓","null","500000","1010305","1030430"
"693","53815139","六五七生活茶飲有限公司","屏東縣高樹鄉南華村校前巷57號","null","200000","1010314","1030513"
"694","53815341","天下一家商務科技有限公司","屏東縣屏東市橋南里自立路180-6號1樓","null","1000000","1010315","1030528"
"695","53824094","冠騏實業有限公司","桃園縣桃園市會稽里大興路318巷9號7樓","null","1000000","1010329","1030521"
"696","53824637","均達有限公司","臺中市神岡區庄後里中車路72之7號","null","1200000","1010329","1030505"
"697","53824952","玄薩有限公司","桃園縣中壢市福州二街59、61號1、2樓","null","500000","1010330","1030523"
"698","53835515","巨羚實業有限公司","桃園縣大溪鎮南興里仁和路二段91號2樓","null","3000000","1010419","1030527"
"699","53840812","百沛國際有限公司","臺中市西屯區文心路三段241號16樓之7","null","1000000","1010430","1030430"
"700","53846359","迪昇資訊有限公司","桃園縣中壢市中壢里14鄰永興街１號1樓","null","200000","1010509","1030526"
"701","53846702","新天地車業有限公司","臺南市永康區安康里中華路649-1號1樓","null","1000000","1010510","1030513"
"702","53852942","玉田事業有限公司","臺中市西區公德里精誠路355號、357號","null","50000","1010523","1030520"
"703","53859327","嘉碩應用材料股份有限公司","臺南市仁德區文賢路1段508之51號","null","20000000","1010604","1030513"
"704","53867543","虎興環境科技有限公司","桃園縣桃園市春日路422號","null","5000000","1010622","1030515"
"705","53868466","昱亮照明有限公司","彰化縣彰化市彰南路二段130巷19號1樓","null","300000","1010625","1030527"
"706","53872715","台達自?化股份有限公司","null","null","0","1010702","1030506"
"707","53872905","喬豐洋酒有限公司","桃園縣平鎮市貿東路18巷5號","null","5000000","1010702","1030526"
"708","53873685","長宥木業國際有限公司","臺中市南屯區三和里公益路二段485號8樓之1","null","100000","1010703","1030509"
"709","53878210","旺寶文化有限公司","新竹市東區明湖里明湖路1200巷132弄30號","null","1000000","1010712","1030520"
"710","53878942","雙吉企業有限公司","宜蘭縣羅東鎮南門路53號二樓","null","300000","1010713","1030514"
"711","53879745","全盛油品有限公司","高雄市前鎮區鄭和南路307號6樓","null","1000000","1010613","1030520"
"712","53887772","富騰環保科技有限公司","高雄市左營區重信路393號1樓","null","500000","1010827","1030519"
"713","53896081","上鼎生活事業有限公司","高雄市鼓山區明誠三路677號5樓","null","1000000","1011115","1030529"
"714","53897286","智多兒有限公司","高雄市鼓山區中華一路317巷11號1樓","null","100000","1011127","1030508"
"715","53901520","鴻擎科技有限公司","高雄市左營區立文路77號4樓","null","1000000","1020103","1030502"
"716","53905429","立園建設有限公司","高雄市新興區河南一路69號1樓","null","10000000","1020206","1030521"
"717","53913672","國泰財經資訊有限公司","臺北市中山區南京東路1段92號11樓之2","null","1000000","1010713","1030529"
"718","53915257","樂雲國際有限公司","臺北市信義區信義路5段150巷355號","null","600000","1010719","1030530"
"719","53916707","恆瑞投資有限公司","臺北市信義區基隆路1段159號6樓","null","6000000","1010724","1030519"
"720","53919423","艾司國際有限公司","臺北市大安區忠孝東路3段217巷1弄14號1樓","null","5000000","1010801","1030523"
"721","53922166","珂波麗姿股份有限公司","臺北市中山區民權東路3段58號5樓之8","null","4000000","1010813","1030512"
"722","53922953","九宮茶館有限公司","臺北市中正區北平東路9號","null","200000","1010815","1030509"
"723","53930460","宏仁行銷顧問有限公司","臺北市大同區延平北路1段105號10樓","null","500000","1010911","1030506"
"724","53932191","威爾創新股份有限公司","臺北市大安區復興南路1段135巷15號6樓","null","1800000","1010917","1030528"
"725","53932283","網源科技有限公司","臺北市信義區基隆路1段127號6樓","null","100000","1010918","1030516"
"726","53934141","歐蜜絲有限公司","臺北市中正區信義路2段71號","null","300000","1010921","1030514"
"727","53935459","愛果生機有限公司","臺北市文山區辛亥路4段21巷12號2樓","null","500000","1010926","1030513"
"728","53939080","睿堤國際股份有限公司","臺北市大安區敦化南路2段97號2樓","null","5000000","1011008","1030530"
"729","53948715","古迪歐有限公司","臺北市松山區民生東路5段153號之1","null","1000000","1011107","1030512"
"730","53949518","日日光有限公司","新北市新莊區五權二路22號6樓之9","null","200000","1011109","1030506"
"731","53953370","君翊有限公司","臺北市大安區和平東路1段87號3樓","null","100000","1011123","1030527"
"732","53953435","亞洲國際投資顧問有限公司","臺北市大安區忠孝東路4段285號5樓","null","2000000","1011123","1030509"
"733","53956263","德寶欣業有限公司","臺北市士林區重慶北路4段63號3樓","null","2000000","1011204","1030528"
"734","53957397","卡尼有限公司","臺北市中山區松江路31號7樓之1","null","5000000","1011207","1030521"
"735","53958380","捷迅物流有限公司","臺北市信義區信義路4段391號12樓之7","null","200000","1011211","1030507"
"736","53974234","泓泰國際科技有限公司","臺中市龍井區新東里新興路40-19號1樓","null","250000","1010820","1030509"
"737","53974939","沅富國際有限公司","臺中市南區永和里26鄰五權南路579號1樓","null","500000","1010821","1030501"
"738","53979408","宇欣工程顧問有限公司","雲林縣虎尾鎮德興里德興路165巷1-7號6樓","null","300000","1010903","1030519"
"739","53983851","蒲生行農業生技有限公司","桃園縣桃園市汴洲里15鄰健行路115號","null","6000000","1010913","1030502"
"740","53989222","沃麟室內裝修設計有限公司","新竹市大同里世界街146號2樓","null","1000000","1010920","1030521"
"741","53991819","鎧鴻精密股份有限公司","臺中市北屯區平心里文心路四段693號11樓之2","null","1000000","1011002","1030514"
"742","53997243","菊品有限公司","臺中市西區民權路273號7樓之1","null","100000","1011016","1030508"
"743","53997617","連享資訊股份有限公司","新竹縣竹北市東平里興隆路五段181號14樓","null","1500000","1011016","1030512"
"744","53998974","亞洲舞台燈光設備有限公司","臺中市大雅區中山八路91之18號","null","100000","1011019","1030506"
"745","54004708","名晏有限公司","桃園縣中壢市內厝里中正路4段88巷10-1號1樓","null","2000000","1011102","1030528"
"746","54007634","鼎盛餐飲有限公司","臺中市西屯區福林里福科路586號","null","1000000","1011109","1030523"
"747","54008009","有得企業有限公司","新竹縣竹北市竹仁里文化街149號1樓","null","1000000","1011109","1030513"
"748","54011074","冠品不動產經紀有限公司","新北市淡水區新市一路3段186號","null","1000000","1010921","1030522"
"749","54011200","茗躍企業有限公司","新北市三重區重新路3段92號20樓","null","500000","1010921","1030505"
"750","54014305","俊宸企業有限公司","新北市泰山區新北大道6段407號7樓","null","2000000","1011009","1030521"
"751","54014500","鍋八方國際股份有限公司","新北市三重區中正南路163、165號","null","4000000","1011009","1030514"
"752","54014537","卡旭康有限公司","新北市樹林區光興街194號","null","5000000","1011009","1030526"
"753","54018766","金豐國際事務發展有限公司","臺北市中山區渭水路3巷22號1樓","null","500000","1011030","1030523"
"754","54019575","藏運國際貿易有限公司","新北市汐止區康寧街751巷3號22樓之5","null","100000","1011102","1030514"
"755","54019717","轉角山丘實業有限公司","新北市淡水區義山里15鄰下圭柔山122號(1樓)","null","200000","1011105","1030526"
"756","54021241","參能人力資源有限公司","新北市土城區員信里中正路74巷2弄9號5樓","null","200000","1011112","1030507"
"757","54025963","俺瘋人創意設計有限公司","新北市中和區中山路2段130號","null","500000","1011204","1030529"
"758","54026626","日鋅企業有限公司","新北市樹林區三俊街159巷1號","null","500000","1011207","1030523"
"759","54030683","來薰閣軟體設計有限公司","新北市板橋區中山路2段416巷38弄29號","null","5000000","1011227","1030505"
"760","54031542","食臣食品有限公司","新北市板橋區國泰街82號(1樓)","null","250000","1020103","1030526"
"761","54033957","坤德工程有限公司","新北市三重區慈愛里仁愛街610號(1樓)","null","3000000","1020115","1030528"
"762","54038046","眾志實業有限公司","新北市泰山區仁德路2之1號4樓","null","500000","1020201","1030522"
"763","54043630","臨界點車業有限公司","新北市五股區自強路143號","null","1000000","1020311","1030520"
"764","54053926","明威實業有限公司","新北市新店區安民街15號5樓之3","null","300000","1020419","1030508"
"765","54054397","衣品學社有限公司","新北市新店區中正路149巷10號4樓","null","500000","1020422","1030519"
"766","54058437","東灃工程有限公司","新北市樹林區佳園路3段410號14樓","null","1000000","1020509","1030527"
"767","54059891","森格汽車有限公司","臺南市安平區文平里建平路19號","null","3000000","1010719","1030508"
"768","54060428","纖美生物科技有限公司","臺南市永康區國聖街249號","null","1000000","1010801","1030502"
"769","54061741","東毓科技有限公司","臺南市麻豆區總榮里3鄰23號1樓","null","1000000","1010824","1030514"
"770","54067858","田家食府有限公司","臺南市仁德區太子里太子路362號","null","3000000","1011218","1030520"
"771","54069069","安德理克國際貿易有限公司","臺南市永康區永平街56巷2號4樓之10","null","500000","1020107","1030501"
"772","54070328","鑫皇鼎實業有限公司","臺南市仁德區仁愛里保仁路120巷90弄16號","null","1000000","1020125","1030501"
"773","54073177","光頡國際有限公司","臺南市南區開南里新建路47號4樓之6","null","500000","1020322","1030520"
"774","54073731","成新資訊有限公司","臺南市安平區平通里國平路599號8樓之12","null","2000000","1020401","1030501"
"775","54074176","橘郡設計規劃有限公司","臺南市中西區青年里中山路8巷2號","null","1000000","1020410","1030505"
"776","54077119","美技生物科技有限公司","臺南市永康區復華里復華八街48巷1弄2號1樓","null","3000000","1020523","1030519"
"777","54077856","睿濱生技有限公司","臺南市東區崇德里崇德五街32號1樓","null","300000","1020606","1030502"
"778","54078567","覺醒實業有限公司","臺南市新化區山腳里8鄰頂山?201號","null","100000","1020617","1030429"
"779","54079783","福田食品有限公司","臺南市關廟區五甲里光復街91巷13號1樓","null","1000000","1020703","1030523"
"780","54087762","幸福祕碼企業有限公司","臺南市新市區新和里和平街180號1樓","null","300000","1021107","1030502"
"781","54087806","東野塑料有限公司","臺南市仁德區二行里行大街56巷3弄40號1樓","null","300000","1021111","1030502"
"782","54088143","合麗興國際股份有限公司","臺南市永康區中興里中華路200-10號","null","600000","1021115","1030529"
"783","54092630","馨苑園藝有限公司","臺中市西屯區何源里成都路218號4樓之1","null","500000","1011122","1030507"
"784","54094264","頂味食品有限公司","臺中市西屯區中工二路192號6樓","null","1000000","1011127","1030516"
"785","54099232","昌亨開發有限公司","彰化縣埔鹽鄉角樹村員鹿路一段152-10號","null","1000000","1011207","1030528"
"786","54099303","愛玩客聯合行銷有限公司","臺中市豐原區保康路87之12號1樓","null","500000","1011207","1030523"
"787","54099465","寶鼎昇實業有限公司","嘉義市西區保生里友愛路562號9樓之8","null","100000","1011207","1030502"
"788","54109914","東麗園藝有限公司","臺中市西屯區何仁里天水東一街18號1樓","null","1000000","1020102","1030502"
"789","54113728","萬山資產管理顧問有限公司","臺中市西區民龍里台灣大道2段181號8樓之7","null","1200000","1020110","1030523"
"790","54113987","日達開發有限公司","屏東縣里港鄉載興村11鄰載興路88號","null","5000000","1020111","1030526"
"791","54121804","夠夠人力派遣有限公司","基隆市暖暖區碇內街231號4樓","null","80000","1020129","1030527"
"792","54121972","永閎精密機械有限公司","彰化縣社頭鄉仁雅村民權路202號1樓","null","300000","1020129","1030527"
"793","54122542","皇大有限公司","臺中市南區永和里南和一街23巷19號1樓","null","100000","1020130","1030527"
"794","54128341","佳立旺有限公司","臺中市石岡區萬興里豐勢路771號1樓","null","500000","1020220","1030505"
"795","54139121","綠蝶國際有限公司","臺中市西屯區國安一路137號1樓","null","1000000","1020318","1030530"
"796","54151187","伊比利亞有限公司","臺北市大安區光復南路102號8樓","null","200000","1011225","1030509"
"797","54151573","園味鍋餐飲有限公司","臺北市中山區林森北路138巷42號2樓","null","650000","1011225","1030506"
"798","54157181","納客應用股份有限公司","null","null","0","1020115","1030513"
"799","54160968","智滿有限公司","臺北市信義區松勤街136號7樓","null","500000","1020128","1030506"
"800","54161158","星鑽建設股份有限公司","臺北市松山區民權東路3段144號7樓之4","null","600000","1020129","1030514"
"801","54167385","巴達通物流股份有限公司","臺北市中山區民生東路2段170號12樓","null","7500000","1020226","1030502"
"802","54172015","百鉅有限公司","臺北市大安區安和路1段49巷8號6樓","null","1000000","1020313","1030505"
"803","54172177","雲開映像有限公司","臺北市大安區浦城街26巷2之2號","null","500000","1020314","1030513"
"804","54175483","家廣有限公司","臺北市中正區金山北路1號6樓之3","null","1000000","1020322","1030527"
"805","54182822","匯富達國際有限公司","臺北市中山區中山北路2段77巷47號10樓之1","null","5000000","1020417","1030530"
"806","54190908","申田國際有限公司","高雄市鼓山區博愛二路363號1樓","null","1000000","1020329","1030528"
"807","54192005","順控有限公司","高雄市岡山區岡山北路2巷43號","null","1000000","1020408","1030430"
"808","54193617","魔果國際企業有限公司","高雄市前鎮區武營路1號3樓","null","2500000","1020419","1030529"
"809","54197439","巧帛企業有限公司","高雄市三民區大豐二路322號1樓","null","50000","1020520","1030526"
"810","54205058","昂陞有限公司","高雄市鳳山區中崙一路496巷25弄30號1樓","null","500000","1020717","1030527"
"811","54205374","廣晶實業有限公司","高雄市苓雅區青年一路1號7樓","null","200000","1020719","1030502"
"812","54211663","愛膚美企業有限公司","高雄市鳥松區同富街132巷4弄25號1樓","null","200000","1020916","1030506"
"813","54215680","詮統企業有限公司","高雄市鳥松區圓山路35巷4號1樓","null","500000","1021022","1030507"
"814","54222866","勤弦不動產開發有限公司","桃園縣蘆竹市大竹北路629號1樓","null","1000000","1020325","1030528"
"815","54224055","美達創工業有限公司","新竹市北大路38號3樓之1","null","599963","1020327","1030430"
"816","54227784","星曄照明實業有限公司","桃園縣大溪鎮南興里仁和路二段91號1樓","null","5000000","1020403","1030528"
"817","54228117","沛立購網路科技有限公司","臺中市北屯區平心里文心路四段671號2樓","null","2000000","1020403","1030514"
"818","54228762","康圃養生食品事業有限公司","苗栗縣公館鄉五谷村五谷19-5號","null","1000000","1020408","1030521"
"819","54235692","卡樂環球有限公司","臺中市西屯區逢甲里西屯路二段272之7號2樓","null","50000","1020419","1030430"
"820","54235834","普雷旺股份有限公司","臺中市西區民生里自由路一段101號12樓之4","null","500000","1020419","1030530"
"821","54237880","嘉榮環保有限公司","臺中市北屯區松山街26號1樓","null","25000","1020424","1030527"
"822","54238311","中萬億有限公司","桃園縣桃園市江南十街75巷5弄13號1樓","null","1000000","1020424","1030521"
"823","54242271","大姆指視聽歌唱有限公司","桃園縣桃園市博愛路97-1號2樓","null","100000","1020503","1030512"
"824","54247310","千柏餐飲有限公司","臺中市南屯區大觀路21號","null","1000000","1020513","1030530"
"825","54250308","震美科技有限公司","彰化縣竹塘鄉土庫村東陽路一段頂崙巷73號1樓","null","1000000","1020517","1030523"
"826","54251974","欣鴻人才管理顧問有限公司","桃園縣桃園市豐林里介壽路216號一樓","null","5000000","1020522","1030519"
"827","54260468","天力貿易有限公司","臺中市西屯區福瑞街86號12樓之3","null","1000000","1020607","1030505"
"828","54261993","柏盈景觀企業有限公司","屏東縣屏東市永安里棒球路103巷9號2樓","null","500000","1020611","1030513"
"829","54263303","翰潔實業有限公司","臺中市北區健行里忠明路432號12樓之1","null","200000","1020614","1030512"
"830","54264817","科研光電股份有限公司","新竹市北區中正路107號7樓之2","null","3300000","1020618","1030502"
"831","54269622","達群工業有限公司","新北市樹林區三多里三俊街126巷28號","null","200000","1020516","1030521"
"832","54272513","恆通興業有限公司","新北市汐止區新台五路2段67號4樓","null","800000","1020527","1030505"
"833","54277904","日威營造有限公司","新北市板橋區四川路1段23號9樓之1","null","3000000","1020619","1030519"
"834","54279570","晨庭工程有限公司","新北市中和區自立路141巷5號","null","2000000","1020626","1030508"
"835","54282049","達岑系統科技有限公司","新北市汐止區保長路89號4樓","null","200000","1020705","1030527"
"836","54282343","頂全科技有限公司","新北市中和區國光里民德路52之1號","null","600000","1020705","1030502"
"837","54289021","武勁企業股份有限公司","新北市新莊區豐年街63號4樓","null","5000000","1020806","1030529"
"838","54289303","碩博名璽管理顧問有限公司","新北市汐止區新台五路1段79號7樓之8","null","1000000","1020807","1030521"
"839","54298014","有朋國際開發有限公司","新北市新莊區福營路163號4樓","null","5000000","1020918","1030530"
"840","54299148","台灣和美精藝股份有限公司","新北市林口區湖南里文化三路2段310號(1樓)","null","5000000","1020925","1030502"
"841","54300047","鴻岳實業有限公司","新北市三重區三寧街41號(1樓)","null","1000000","1020930","1030528"
"842","54300736","四緯有限公司","新北市三重區新生街7號","null","2000000","1021003","1030515"
"843","54305205","玖幸生化科技有限公司","新北市永和區福和路389號11樓之1","null","2000000","1021023","1030526"
"844","54305325","日宣科技股份有限公司","新北市三重區中正南路153號","null","1000000","1021023","1030505"
"845","54311179","虹揚整合行銷有限公司","新北市中和區捷運路36之1號4樓","null","1000000","1021119","1030527"
"846","54315560","行道創意文化股份有限公司","新北市新店區中正路560巷1號地下室","null","1000000","1021211","1030530"
"847","54315702","寶萊食品有限公司","新北市中和區錦中里圓通路252巷18弄2之2號","null","300000","1021211","1030528"
"848","54317259","鼎食堂餐飲有限公司","新北市板橋區漢生東路338號及338之1號","null","600000","1021218","1030527"
"849","54319046","知愛分子檢驗股份有限公司","新北市汐止區新台五路1段96號18樓","null","10000000","1021226","1030521"
"850","54323962","長宗?興業有限公司","臺北市大同區長安西路66號1樓","null","5000000","1020521","1030516"
"851","54324548","衣彩服飾有限公司","臺北市大安區大安路1段31巷38號","null","150000","1020522","1030526"
"852","54325223","群益財經資訊有限公司","臺北市中山區松江路283號5樓之1","null","1000000","1020524","1030527"
"853","54326150","富域行銷股份有限公司","臺北市松山區民生東路4段54號6樓之11","null","2000000","1020528","1030509"
"854","54330696","明橡有限公司","臺北市大安區忠孝東路4段220號13樓","null","5000000","1020613","1030501"
"855","54333595","愛麗絲說故事有限公司","臺北市北投區知行路2巷2號2樓","null","10000","1020624","1030521"
"856","54336811","費雷爾有限公司","臺北市大同區華陰街227巷7號","null","500000","1020703","1030509"
"857","54339514","旺旺吉有限公司","臺北市大安區敦化南路1段376號6樓之2","null","300000","1020715","1030502"
"858","54339583","凱宥科技有限公司","臺北市中山區龍江路415巷5號5樓","null","500000","1020712","1030502"
"859","54343947","台灣高仕國際貿易有限公司","臺北市信義區基隆路2段22號6樓之6","null","100000","1020726","1030502"
"860","54345065","美的好事音樂製作有限公司","臺北市大安區延吉街131巷18號","null","600000","1020726","1030515"
"861","54346888","克靈清潔用品股份有限公司","新北市三重區重新路4段63號12樓之1","null","1500000","1020801","1030514"
"862","54355062","安訢企業有限公司","臺北市中正區重慶南路1段57號9樓之14","null","500000","1020829","1030506"
"863","54355598","沙肯巴有限公司","臺北市大安區仁愛路4段151巷11號1樓","null","2000000","1020830","1030523"
"864","54357499","和?有限公司","臺北市大安區復興南路1段107巷5弄2號1樓","null","1200000","1020906","1030528"
"865","54358413","正順實業有限公司","臺北市內湖區內湖路1段691巷13號10樓","null","30000000","1020911","1030514"
"866","54361971","時尚圈精品服飾有限公司","臺北市中正區和平西路1段64號","null","1000000","1020924","1030526"
"867","54362373","晁冠有限公司","臺北市松山區撫遠街211巷9號4樓","null","200000","1020925","1030528"
"868","54365548","哈波資訊有限公司","臺北市大安區復興南路1段126巷1號2樓之16","null","50000","1021007","1030530"
"869","54366130","啃樂趣創意生活有限公司","臺北市南港區玉成街245號","null","500000","1021008","1030528"
"870","54380512","玩得瘋旅行社有限公司","金門縣金城鎮東門里民族路18號1樓","null","6000000","1030410","1030523"
"871","54500853","宇勝眼鏡有限公司","臺中市北區文莊里五權路221號1樓","null","5000000","1020627","1030520"
"872","54502971","霖玥興業有限公司","彰化縣彰化市阿夷里18鄰泰和中街42號2樓","null","500000","1020703","1030501"
"873","54505956","雲林創業投資顧問有限公司","雲林縣斗六市公正里莊敬路368號1樓(辦公室用)","null","250000","1020712","1030519"
"874","54508200","米思網路科技有限公司","嘉義市東區太平里博東路9號1樓","null","100000","1020719","1030514"
"875","54512035","海滄能源科技股份有限公司","桃園縣蘆竹市南山路二段121號","null","1000000","1020802","1030521"
"876","54521999","向禹廣告股份有限公司","新竹市經國路二段56號4樓之1","null","1000000","1020909","1030519"
"877","54529057","巨鷹國際有限公司","嘉義市東區太平里林森東路163巷44號1樓","null","200000","1021008","1030522"
"878","54537319","馬丘美式餐廳有限公司","新竹縣竹北市文信路237號1樓","null","500000","1021105","1030513"
"879","54545079","太成廢棄物清理有限公司","彰化縣鹿港鎮海埔里彰濱5路1段250巷32號","null","500000","1021128","1030515"
"880","54547386","大和數位行銷股份有限公司","新竹縣竹北市嘉豐南路二段76號6樓之5","null","300000","1021206","1030507"
"881","54553226","玖奕企業有限公司","臺南市北區成德里育賢街72巷20號1樓","null","500000","1030218","1030522"
"882","54555195","太乙不動產仲介有限公司","臺南市東區東安路211號1樓","null","1200000","1030314","1030523"
"883","54579990","久居土木包工業有限公司","臺中市潭子區光陽路172巷19弄2號1樓","null","800000","1020706","1030512"
"884","54581243","薪巢不動產經紀股份有限公司","臺中市沙鹿區三鹿里中興路436號1、2樓","null","500000","1020712","1030526"
"885","54582263","清泉電子地磅有限公司","臺中市北屯區平田里文心路四段951-1號5樓","null","500000","1020718","1030526"
"886","54582778","力申管理顧問有限公司","臺中市北區明德里忠明三街25號","null","1000000","1020719","1030514"
"887","54587794","壹摩通科技有限公司","臺中市北屯區平興街131號1樓","null","300000","1020814","1030501"
"888","54589147","芭?貝兒生技有限公司","臺中市東區十甲路46號1樓","null","300000","1020821","1030528"
"889","54593070","大都會產業有限公司","臺中市南區復興路三段222號1樓","null","500000","1020913","1030507"
"890","54598531","昹淳國際有限公司","臺中市大甲區薰風里光明路95號","null","300000","1021018","1030507"
"891","54599996","儷食有限公司","臺中市西屯區工業區32路51號","null","2000000","1021029","1030520"
"892","54603942","文盈有限公司","臺中市西屯區西平里文華路146號1樓","null","500000","1021120","1030513"
"893","54616756","玉山搬家有限公司","高雄市苓雅區中華四路47號10樓之1","null","25000000","1030124","1030506"
"894","54622624","黛樂室內裝修設計有限公司","高雄市前鎮區桂林街129號","null","630000","1030320","1030515"
"895","54624355","亞晟有限公司","高雄市岡山區岡山路89巷10號5樓之3","null","500000","1030403","1030515"
"896","54641018","文盞文化傳播股份有限公司","臺北市中山區復興北路60號3樓","null","1000000","1021024","1030502"
"897","54641185","普雲企業有限公司","臺北市中山區南京東路3段189號10樓","null","5000000","1021024","1030502"
"898","54641278","鎰盛財經資訊有限公司","臺北市中山區南京東路1段25號10樓之3","null","1000000","1021024","1030509"
"899","54643276","目光廣告有限公司","臺北市松山區南京東路4段197號9樓之1","null","1000000","1021031","1030516"
"900","54648080","佳力資訊股份有限公司","臺北市大安區忠孝東路4段169號12樓之1","null","500000","1021113","1030515"
"901","54649237","梓匡家具有限公司","臺北市松山區南京東路5段239號9樓之20","null","500000","1021115","1030528"
"902","54650796","寬濟企業有限公司","臺北市中山區南京東路2段137號14樓","null","500000","1021121","1030509"
"903","54652582","鑫旺國際事業有限公司","臺北市文山區羅斯福路5段218巷38弄13號4樓","null","250000","1021127","1030507"
"904","54662934","夾仔星冰樂股份有限公司","臺北市大安區和平東路3段49號9樓之6","null","195000","1021230","1030527"
"905","54663618","全球居國際資產管理股份有限公司","臺北市中山區錦州街25號5樓","null","1000000","1021231","1030505"
"906","54665046","京日和國際有限公司","臺北市中正區忠孝西路1段33號7樓","null","200000","1030107","1030512"
"907","54666299","法納提國際有限公司","臺北市大安區復興南路1段206號6樓","null","20000000","1030113","1030512"
"908","54673952","麥卡油坊國際企業有限公司","臺北市內湖區民權東路6段409號","null","4000000","1030213","1030527"
"909","54689357","達陣整合行銷有限公司","新北市中和區中山路2段33號10樓之5","null","1000000","1021227","1030516"
"910","54689504","展鴻達有限公司","新北市新莊區中正路706之20號6樓","null","1000000","1021230","1030520"
"911","54691115","聖富特科技有限公司","新北市板橋區文化路1段141號3樓之2","null","100000","1030107","1030523"
"912","54696076","精彩雲端數位科技有限公司","新北市中和區平河里建八路28號(1樓)","null","3000000","1030128","1030519"
"913","54696879","霖園國際開發有限公司","新北市三重區新北大道1段86巷13號3樓","null","100000","1030210","1030529"
"914","54696977","東展有限公司","新北市五股區成泰路1段46號","null","1000000","1030210","1030522"
"915","54697069","頂鑫資訊有限公司","新北市板橋區深丘里民族路69巷5號2樓","null","1000000","1030211","1030527"
"916","54704842","創泰工程有限公司","新北市樹林區柑園街1段242號(3樓)","null","35000","1030317","1030521"
"917","54746863","研中生物科技有限公司","臺中市西屯區臺灣大道二段690號2樓","null","5000000","1030127","1030509"
"918","54750985","洪氏畜牧股份有限公司","臺中市西區功德里17鄰大忠街36號15樓之1","null","250000","1030225","1030501"
"919","54751838","亨宜有限公司","臺中市西屯區至善里上安路173巷3號6樓之2","null","300000","1030303","1030506"
"920","54756453","極潤科技實業有限公司","臺中市梧棲區興農里興國路153-6號1樓","null","200000","1030324","1030521"
"921","54771638","聖蓮佛像雕塑企業有限公司","苗栗縣公館鄉中義村4鄰中義79號","null","1000000","1021223","1030516"
"922","54776009","美妍美容有限公司","桃園縣桃園市西門里三民路三段108號2樓、3樓","null","200000","1030108","1030514"
"923","54776155","元大國際不動產開發股份有限公司","桃園縣桃園市龍鳳里國豐三街140號3樓","null","3000000","1030108","1030514"
"924","54776654","大統視訊有限公司","雲林縣元長鄉長南村中山路29巷38號1樓","null","1000000","1030110","1030519"
"925","54780947","明豐開發有限公司","南投縣南投市平山里同源路二街15之1號3樓","null","600000","1030127","1030528"
"926","54788238","浪鰻逸生國際開發股份有限公司","桃園縣桃園市中正路1092號12樓","null","5000000","1030225","1030514"
"927","54791640","鎕鋐有限公司","苗栗縣苗栗市玉華里1鄰勵志街38巷1號1樓","null","300000","1030312","1030505"
"928","55656298","廣勵工業股份有限公司","臺中市大甲區平安里民權路140號","null","12240000","0641018","1030506"
"929","58562210","新峰交通股份有限公司","彰化縣彰化市延平里埔南街二二號","null","1200000","0580722","1030516"
"930","61945579","元藝實業有限公司","南投縣南投市福興里永鳴路一五八巷三號","null","5000000","0721006","1030528"
"931","68330719","?成機器工業股份有限公司","臺南市永康區甲頂里南台街55號","null","4000000","0590131","1030502"
"932","69806826","台通實業股份有限公司","臺中市西區中美街二四三巷一三號一樓","null","10000000","0721129","1030521"
"933","69810722","孫蔡企業有限公司","臺南市中西區文賢路178號","null","3000000","0720825","1030501"
"934","70382001","台灣無限國際事業股份有限公司","新北市永和區中和路443號3樓","null","5000000","0880715","1030521"
"935","70384330","泰巨實業有限公司","臺北市大同區赤峰街47巷13號1樓","null","5000000","0880723","1030501"
"936","70390353","司倍修印刷事業有限公司","新北市中和區中山路2段526巷25弄2之1號","null","1000000","0880809","1030501"
"937","70404455","壯馬國際貿易有限公司","高雄市鳳山區文福里文建街249號10樓","null","3000000","0890620","1030528"
"938","70433769","達邑建設股份有限公司","高雄市大寮區過溪里正義路56號1樓","null","25000000","0920813","1030519"
"939","70442155","宜軒有限公司","臺北市萬華區雙園街68號1樓","null","500000","0881007","1030516"
"940","70463539","瑞鼎證券投資顧問股份有限公司","新竹縣竹北市嘉豐十一路1段100號5樓之2","null","20000000","0881220","1030505"
"941","70466917","巨立鐘錶有限公司","臺北市士林區大東路13之1號1樓","null","5000000","0881229","1030520"
"942","70489910","和迅企業有限公司","桃園縣桃園市自強里經國路589號4樓","null","5000000","0890419","1030507"
"943","70501581","嘉勳有限公司","桃園縣平鎮市金星里中豐路南勢二段一一八號二樓","null","500000","0890505","1030502"
"944","70566253","貝瑪國際商貿有限公司","臺北市大安區大安路1段75巷7號2樓之2","null","5000000","0890601","1030520"
"945","70719547","精彩資訊科技有限公司","桃園縣中壢市內壢里中華路1段98號","null","1000000","0890309","1030519"
"946","70720811","廣垣企業有限公司","花蓮縣花蓮市國裕里54鄰富吉路73號","null","3000000","0890310","1030502"
"947","70733864","益昌勝實業有限公司","桃園縣桃園市莊敬路一段二一○巷四八號","null","1000000","0890331","1030529"
"948","70734110","曾教授不動產事業有限公司","臺南市南區大忠里大同路2段620巷2號2樓","null","10000000","0890401","1030529"
"949","70738050","和裕有限公司","臺南市歸仁區七甲里南潭三街一八二號","null","1000000","0890408","1030519"
"950","70831366","衍量設計室內裝修有限公司","新北市汐止區福德二路156巷62號14樓","null","500000","0890802","1030516"
"951","70833028","上暘開發建設有限公司","宜蘭縣宜蘭市延平里延平路39-37號1樓","null","1000000","0890807","1030527"
"952","70838804","天樂生化企業有限公司","臺北市松山區南京東路4段170號9樓之6","null","5000000","0890828","1030522"
"953","75992946","高晟企業有限公司","高雄市三民區四平街53號","null","2200000","0680929","1030519"
"954","76437664","火車頭企業有限公司","高雄市苓雅區三多二路251號","null","2000000","0730503","1030430"
"955","79881387","宇貿有限公司","高雄市三民區北平一街97號","null","500000","0721115","1030516"
"956","79960875","皇門旅行社有限公司","臺南市中西區開山里開山路一四一之二號","null","6000000","0910516","1030505"
"957","79986002","本泉加油站股份有限公司","新北市瑞芳區魚坑路1號","null","12000000","0910620","1030508"
"958","80000381","弘翔規劃設計有限公司","臺中市西屯區惠來里市政北一路77號15樓之1","null","500000","0910711","1030509"
"959","80038008","金銀島不動產經紀有限公司","新竹縣竹北市興安里嘉勤北路39巷18號1樓","null","500000","0920328","1030527"
"960","80047132","鈺鼎鋼鋁業有限公司","桃園縣八德市和平路六○四號一樓","null","1000000","0910926","1030523"
"961","80086009","紳美有限公司","彰化縣埔鹽鄉埔南村彰水路一段365巷16-10號1樓","null","5000000","0911122","1030529"
"962","80096908","玉承全齡管理顧問有限公司","新北市中和區景平路601號10樓之33","null","5000000","0911210","1030522"
"963","80158853","寶之傑國際有限公司","新北市新莊區昌平里中山路1段107號22樓之7","null","1000000","0920130","1030521"
"964","80166039","鼎泰不動產仲介經紀有限公司","新北市樹林區保安街一段一八一號","null","2000000","0920304","1030528"
"965","80173587","證源有限公司","新北市三重區和平街35號1樓","null","16000000","0920325","1030529"
"966","80178324","明悅地產有限公司","新北市淡水區沙崙路197號(1樓)","null","5000000","0920407","1030519"
"967","80189791","士展工程有限公司","臺北市士林區士商路114號1樓","null","1000000","0920508","1030526"
"968","80234542","康連工程科技有限公司","新北市板橋區四川路2段99巷4弄27號1樓","null","5000000","0910819","1030513"
"969","80246385","遠流事業有限公司","臺北市文山區羅斯福路5段243號2樓","null","5000000","0910904","1030528"
"970","80254976","太鼎空間設計有限公司","新北市板橋區雙十路二段一五六號一樓","null","500000","0910919","1030512"
"971","80300253","山碩國際開發有限公司","null","null","0","0911127","1030526"
"972","80313433","研合企業有限公司","桃園縣中壢市新生路二巷三吉公寓二十號","null","500000","0920417","1030505"
"973","80320194","瑞安模具有限公司","新北市三重區三民街八七號","null","1000000","0920424","1030519"
"974","80326789","向上資訊有限公司","新北市中和區景新街510號1樓","null","2000000","0920502","1030515"
"975","80362102","建社家建設實業有限公司","高雄市前鎮區育樂路20號5樓之6","null","9000000","0921003","1030520"
"976","80364137","泛博科技股份有限公司","高雄市新興區民生一路206號10樓之1","null","2000000","0921027","1030522"
"977","80364170","擎高有限公司","高雄市左營區文自路505巷36弄2號1樓","null","500000","0921027","1030520"
"978","80374141","福笙貿易股份有限公司","高雄市鼓山區昌盛路283號1樓","null","1000000","0930219","1030515"
"979","80386131","濟陽貿易有限公司","高雄市左營區博愛3路510號11樓","null","500000","0930615","1030502"
"980","80405405","酒津洋酒有限公司","臺中市西區中美街六三八號二樓","null","500000","0920527","1030521"
"981","80408249","碧富億不動產開發實業有限公司","臺南市北區海安路３段９４７號","null","2000000","0920530","1030502"
"982","80411321","保綾工業有限公司","新北市新莊區雙鳳路七三巷二三號","null","5000000","0920605","1030501"
"983","80439708","原住民族安提阿營造有限公司","null","null","0","0920714","1030502"
"984","80486912","嘉冠包裝企業股份有限公司","新竹市港南里海埔路131巷92號","null","3000000","0920919","1030508"
"985","80544429","伊是美國際事業有限公司","臺北市中正區新生南路1段56巷8號","null","1000000","0921121","1030520"
"986","80575793","鮮速達水產有限公司","新北市鶯歌區國中街158號4樓","null","1000000","0921029","1030521"
"987","80578004","豐財工程有限公司","新北市土城區中央路1段250巷9號7樓","null","3000000","0921031","1030530"
"988","80611854","森鈦國際有限公司","桃園縣桃園市建國里延平路15號","null","20000000","0921215","1030521"
"989","80616458","迦南國際開發有限公司","桃園縣桃園市慈光街101巷33號10樓","null","1000000","0921219","1030502"
"990","80625392","有成就有限公司","彰化縣花壇鄉花壇村中山路一段四六五號","null","1000000","0921230","1030507"
"991","80630515","綠竹建設股份有限公司","新北市中和區連城路194巷6號","null","100000000","0930107","1030526"
"992","80673703","聯通開發顧問有限公司","新北市中和區圓通路296巷2弄1號3樓","null","9000000","0930219","1030527"
"993","80683174","複氧國際多媒體有限公司","臺北市中正區仁愛路2段15之1號(2樓)","null","1000000","0930316","1030527"
"994","80685074","臻輝有限公司","臺北市南港區忠孝東路6段70巷5弄47號1樓","null","500000","0930318","1030527"
"995","80686833","利隆建設有限公司","臺北市大安區羅斯福路3段245號10樓之1","null","500000","0930322","1030523"
"996","80689228","長連勝有限公司","桃園縣八德市白鷺里廣福路１０３８號","null","5000000","0930326","1030505"
"997","80691717","綺麗伊國際有限公司","臺中市西區大忠南街80號2樓之2","null","1000000","0930401","1030526"
"998","80705536","常盛鋁業股份有限公司","桃園縣新屋鄉社子村社子1之18號","null","10000000","0930219","1030501"
"999","80709499","梁芳春投資股份有限公司","彰化縣員林鎮三義里員鹿路一○三巷一二九號一樓","null","1000000","0930224","1030507"
"1000","80714444","宏?股份有限公司","臺南市安平區慶平路235號1樓","null","8880000","0930301","1030521"
"1001","80729930","聖林科技有限公司","桃園縣中壢市五福里民族路172號","null","3000000","0930317","1030513"
"1002","80742589","百威國際企業有限公司","臺中市北屯區崇德路二段466號10樓之2","null","500000","0930331","1030521"
"1003","81123903","億環企業有限公司","高雄市苓雅區河北路16巷27號","null","5000000","0670316","1030528"
"1004","82019787","高馬航業股份有限公司","高雄市鹽埕區大義街93之1號1樓","null","17728000","0630423","1030508"
"1005","82056781","雍儀貿易有限公司","高雄市鼓山區鼓山一路99之1號2樓","null","10000000","0670128","1030528"
"1006","82065965","寶阜貿易有限公司","高雄市鼓山區鼓山一路99之1號","null","10000000","0671028","1030527"
"1007","84079542","元昌塑膠有限公司","臺中市大安區中庄里埔頭路30號","null","500000","0811207","1030501"
"1008","84094277","喬昱電器有限公司","新北市淡水區大信街24巷10號","null","4000000","0811223","1030523"
"1009","84119880","盛維實業有限公司","桃園縣楊梅市上湖里楊湖路3段619巷26弄10號1樓","null","500000","0820113","1030527"
"1010","84123890","武家工程有限公司","臺北市南港區興中路68巷4號3樓","null","8000000","0820127","1030509"
"1011","84202108","航洲企業有限公司","臺中市北屯區舊社里僑孝街110巷43號1樓","null","1000000","0820308","1030527"
"1012","84327711","仁代企業有限公司","高雄市苓雅區苓雅二路70巷62號","null","3000000","0820810","1030521"
"1013","84456989","快好耐工程股份有限公司","臺北市信義區基隆路2段151號之1，9樓","null","2000000","0820823","1030501"
"1014","84491769","普化企業顧問有限公司","新竹縣竹北市東平里隘口六街165號5樓之5","null","5000000","0821204","1030502"
"1015","84653308","垣建工業有限公司","屏東縣新園鄉仙吉村店口路36號","null","3000000","0821230","1030515"
"1016","84722488","松城建設股份有限公司","高雄市苓雅區中正一路120號15樓之2","null","25000000","0830308","1030515"
"1017","84725154","乙輝企業有限公司","高雄市前鎮區竹中里廣西路13號","null","6000000","0830331","1030507"
"1018","84785743","佳宏電腦排版企業有限公司","臺北市松山區民生東路5段198號5樓之13","null","1000000","0830520","1030523"
"1019","84816627","御升企業有限公司","新北市中和區立言街５４號","null","1000000","0830330","1030529"
"1020","84889389","穆漢聲實業有限公司","苗栗縣公館鄉中義村4鄰中義79號","null","5000000","0830528","1030516"
"1021","84922423","皮卡企業股份有限公司","臺北市中山區松江路185號4樓之1","null","5000000","0830725","1030529"
"1022","84960517","國企股份有限公司","基隆市信義區信一路63號2樓","null","2000000","0830607","1030512"
"1023","85665816","泰山紙廠股份有限公司","高雄市旗山區圓富里富興街12號","null","9000000","0620727","1030516"
"1024","85912963","聖雄實業有限公司","高雄市鳳山區忠義里中山西路129號","null","5000000","0711224","1030519"
"1025","86109660","國蕙股份有限公司","臺南市西港區竹林里大竹林164-2號","null","5000000","0800418","1030509"
"1026","86117958","泰成書局有限公司","屏東縣萬丹鄉萬惠村萬丹路一段五七號","null","4000000","0800429","1030505"
"1027","86139518","昌吉實業有限公司","臺北市內湖區成功路4段324巷1弄6號","null","2400000","0800606","1030530"
"1028","86156972","方舟創意文化有限公司","臺北市文山區興隆路2段194號1樓","null","5000000","0800713","1030506"
"1029","86254328","國鋒針織有限公司","新北市樹林區俊安街二○號","null","1000000","0800805","1030506"
"1030","86282865","恆新傳播文化股份有限公司","臺北市中山區北安路813號2樓","null","10000000","0800911","1030507"
"1031","86298661","淩宇有限公司","新北市永和區永貞路一五三號二樓","null","5000000","0801022","1030513"
"1032","86315887","谷瑞興業有限公司","新北市中和區橋安街二三號六樓","null","5000000","0801206","1030523"
"1033","86326842","信忠工程有限公司","新北市新店區玫瑰路五一巷三號二樓","null","5000000","0800831","1030527"
"1034","86349958","海希歐家具股份有限公司","臺南市關廟區五甲里南雄路一段五一一巷廿二號","null","5000000","0800930","1030512"
"1035","86455394","祥蓮花實業有限公司","高雄市前鎮區建華街16號","null","15000000","0810602","1030507"
"1036","86457549","泰順實業有限公司","高雄市小港區鳳源路21號","null","12000000","0810615","1030502"
"1037","86486220","遠誠廣告股份有限公司","臺北市中正區牯嶺街148號8樓之2","null","8000000","0810220","1030507"
"1038","86535926","鐘勝製衣有限公司","新北市板橋區大智街65號1樓","null","5000000","0810114","1030516"
"1039","86562423","天榮建設有限公司","臺南市中西區民生路二段一二八號","null","25000000","0810214","1030509"
"1040","86609567","佳大實業有限公司","新北市板橋區翠華街六巷八三號","null","1000000","0810407","1030506"
"1041","86615060","旻澍國際有限公司","臺中市大雅區員林里雅環路三段七○巷九弄三號","null","5000000","0810411","1030526"
"1042","86628662","儷明企業有限公司","新北市土城區裕生路83巷16弄8號3樓","null","1000000","0810422","1030529"
"1043","86726707","沛洋成功事業有限公司","新北市汐止區新台五路1段81號3樓之5","null","1000000","0810623","1030514"
"1044","86732829","真善美藝術畫廊有限公司","臺北市士林區至誠路2段41號1樓","null","2000000","0810706","1030512"
"1045","86754533","貴顯實業有限公司","新北市板橋區三民路２段１９３巷３２號４樓","null","1000000","0810613","1030527"
"1046","86758550","翔光紙器有限公司","新北市鶯歌區文化路一一七巷五五號二樓","null","1000000","0810617","1030530"
"1047","86832496","韻盛企業有限公司","臺中市北屯區北京里北屯路５０巷４９號１樓","null","2000000","0810820","1030430"
"1048","86833734","六成實業有限公司","桃園縣平鎮市延平路2段430巷居易3弄1號5樓","null","2000000","0810821","1030508"
"1049","86848336","捷合數位策略國際有限公司","臺北市大安區和平東路1段192號7樓","null","10000000","0810803","1030509"
"1050","86860540","克雷希有限公司","臺北市士林區德行西路60號1樓","null","5000000","0810826","1030519"
"1051","86965220","錦築實業有限公司","嘉義市西平里四維路四八號","null","6000000","0811016","1030506"
"1052","86972989","嘉立興建設有限公司","彰化縣田中鎮中州路一段270號","null","25000000","0811024","1030507"
"1053","88325502","裕光煤氣有限公司","高雄市岡山區開元街58號","null","600000","0561227","1030430"
"1054","89202943","宇登貿易有限公司","臺中市南屯區文心路一段186號15樓之8","null","5000000","0830713","1030515"
"1055","89211210","康思特生活事業股份有限公司","新北市新店區寶強路6之3號4樓","null","25000000","0830721","1030530"
"1056","89239343","澤泰企業有限公司","桃園縣中壢市龍岡路一段六棟健行新村十號","null","1000000","0830815","1030516"
"1057","89277985","釜山科技股份有限公司","高雄市苓雅區林泉街98巷2號1樓","null","5000000","0840207","1030430"
"1058","89293731","協益貿易開發有限公司","苗栗縣頭份鎮民族里一七鄰東興路一四八號","null","5000000","0831231","1030529"
"1059","89324951","奇邦有限公司","高雄市苓雅區永平路7巷3號4樓","null","2000000","0840213","1030502"
"1060","89344675","新人類弱電系統工程有限公司","新北市五股區水碓路５巷２號１樓","null","1000000","0840304","1030515"
"1061","89411625","銘冠企業有限公司","高雄市左營區自由4路399號","null","3000000","0840412","1030520"
"1062","89427648","汀加精密工業有限公司","高雄市三民區民族一路39巷26號","null","1000000","0840802","1030523"
"1063","89441613","有成食品實業有限公司","新北市中和區立德街98巷58號","null","10000000","0840323","1030521"
"1064","89446743","芃思國際有限公司","新北市永和區福和路五七巷二號三樓","null","5000000","0840410","1030512"
"1065","89462270","金阪神育樂股份有限公司","臺北市文山區景興路200號2、3、4樓","null","10000000","0840518","1030523"
"1066","89499826","永智宏企業有限公司","臺南市永康區鹽洲里洲尾街152巷21號1樓","null","5000000","0840501","1030519"
"1067","89504124","春成企業有限公司","高雄市鳳山區鎮西里文聖街八五巷廿一號","null","1000000","0840504","1030521"
"1068","89555919","立德健康事業股份有限公司","新北市新莊區中安街9號4樓","null","15000000","0840616","1030505"
"1069","89573579","慶晉鋼模有限公司","新北市樹林區俊德街15號","null","5000000","0840630","1030502"
"1070","89579551","安童有限公司","新北市蘆洲區得勝街一七一號","null","5000000","0840707","1030520"
"1071","89584457","五工企業有限公司","新北市新莊區五工二路91號","null","2000000","0840712","1030527"
"1072","89634288","米羅視覺影像有限公司","臺北市中山區大直街127巷13-1號2樓","null","500000","0841211","1030516"
"1073","89654707","國詮科技有限公司","臺中市南屯區永定里南屯路二段912號1樓","null","5000000","0840731","1030430"
"1074","89693976","譽達資訊有限公司","桃園縣中壢市普仁里幸福街123號1樓","null","1000000","0840906","1030506"
"1075","89697950","良茂興業有限公司","屏東縣里港鄉興東里明德路44巷23號","null","1000000","0840911","1030502"
"1076","89710089","羿樺實業有限公司","臺中市大里區夏田里國中路607巷12號","null","3000000","0840925","1030505"
"1077","89742998","西儒實業股份有限公司","高雄市前金區長興里中山橫路143號1樓","null","10000000","0841212","1030515"
"1078","89746988","君富工程有限公司","高雄市大寮區中庄里文德街5巷6號1樓","null","3000000","0850124","1030519"
"1079","89768814","佳德機械工程有限公司","新北市汐止區大同路二段三一二巷八號二樓","null","20000000","0841028","1030527"
"1080","89775527","群佑國際人才仲介股份有限公司","臺中市清水區南社里中華路302號","null","10000000","0841106","1030501"
"1081","89813085","鉅平有限公司","新北市樹林區保安街２段３３７巷８弄４號","null","5000000","0841221","1030502"
"1082","89837143","右信企業有限公司","新北市板橋區中山路一段206巷123號之4 五樓","null","1000000","0830901","1030516"
"1083","89844897","彩寶欣業股份有限公司","臺南市永康區尚頂里正南一街72號1樓","null","5000000","0830909","1030505"
"1084","89852093","昆昶企業有限公司","桃園縣桃園市龍鳳里國豐七街32巷2號1樓","null","10500000","0830916","1030505"
"1085","89859841","萱億室內裝修工程有限公司","宜蘭縣羅東鎮純精路2段88號","null","10000000","0830926","1030520"
"1086","89874511","實達有限公司","新北市新莊區永寧街廿四巷十號","null","1000000","0831011","1030530"
"1087","89880696","企立實業股份有限公司","南投縣埔里鎮西門里西寧路56號","null","12000000","0831017","1030507"
"1088","89885637","樹錦興業有限公司","新竹市延平路二段七二七巷四二號","null","1000000","0831021","1030527"
"1089","89991200","高平照相製版有限公司","桃園縣桃園市龍安里國豐三街二二一號","null","500000","0831217","1030506"
"1090","96872778","財金家具有限公司","桃園縣桃園市和平路一二○號","null","3000000","0850209","1030527"
"1091","96906192","進豪清潔有限公司","新北市板橋區瑞安街三一巷八號","null","1000000","0850401","1030508"
"1092","96912602","國佑文化事業有限公司","桃園縣中壢市中平路一三七號五樓","null","1000000","0850412","1030528"
"1093","96921807","九紀有限公司","臺北市中山區復興北路430巷14號2樓","null","1000000","0841226","1030507"
"1094","96950942","金山房屋仲介有限公司","臺北市萬華區和平西路3段290之1號1樓","null","3000000","0850405","1030501"
"1095","96950990","統駿國際股份有限公司","臺北市內湖區南京東路6段482號","null","12000000","0850405","1030516"
"1096","97043390","鎧鉉機械有限公司","臺南市東區大同路2段147號","null","5000000","0850621","1030507"
"1097","97057128","上源實業有限公司","新北市板橋區英士路五八巷一四號二樓","null","5000000","0850708","1030507"
"1098","97077807","唐格企業有限公司","新北市新莊區新泰路四九八號二樓","null","1000000","0850729","1030509"
"1099","97109499","丞均企業有限公司","桃園縣桃園市國際路二段144號8樓","null","6000000","0850810","1030528"
"1100","97115372","大興工程有限公司","臺北市南港區東新街77巷15弄9號","null","6000000","0850822","1030521"
"1101","97116273","益生文化出版社有限公司","臺北市中山區合江街180巷15號","null","1000000","0850823","1030516"
"1102","97119031","巧班家具有限公司","臺北市中正區羅斯福路2段66巷21號1樓","null","1000000","0850902","1030521"
"1103","97155198","金傑工程有限公司","高雄市楠梓區安通街13巷14號","null","3000000","0860415","1030507"
"1104","97158809","百盛流通文化股份有限公司","高雄市仁武區竹業巷25號1樓","null","29000000","0860514","1030514"
"1105","97190081","佑典電器有限公司","彰化縣員林鎮民生里萬年路1段363號","null","1000000","0850814","1030508"
"1106","97227025","金榮豐機械股份有限公司","彰化縣員林鎮三條里忠孝街二○七號","null","5000000","0850925","1030513"
"1107","97240548","權澤科技有限公司","彰化縣彰化市崙平里中央路一八四號八樓之八","null","5000000","0851015","1030513"
"1108","97294190","揚新有限公司","新北市中和區大勇街25巷28之2號","null","500000","0851120","1030512"
"1109","97362393","慶遑事業有限公司","臺中市西屯區西屯路二段二九七之八巷十二弄一號一樓","null","2000000","0860117","1030508"
"1110","97373743","奇威科技有限公司","新北市三芝區忠孝街一七二號二樓","null","2000000","0860131","1030505"
"1111","97421750","富田有限公司","新北市蘆洲區三民路171巷35號","null","5000000","0860414","1030501"
"1112","97440882","柏皇國際有限公司","臺北市松山區南京東路5段164號7樓","null","5000000","0860409","1030512"
"1113","97444563","京中玉國際股份有限公司","新北市中和區建一路137號3樓","null","5000000","0860416","1030515"
"1114","97448857","功學社音響股份有限公司","新北市蘆洲區中山二路162號7樓","null","83525000","0860502","1030509"
"1115","97450522","美帝科技有限公司","新北市中和區連城路477巷6弄12之1號","null","3000000","0860501","1030505"
"1116","97476001","宏滿企業有限公司","臺北市信義區莊敬路197巷10號1樓","null","10000000","0860630","1030521"
