"序號","統一編號","公司名稱","公司所在地","代表人","資本額","核准設立日期","核准解散日期"
1,"02947241","帕德股份有限公司","臺中市北屯區遼陽五街三五號一樓","",5000000,"0740925","1020226"
2,"04231539","俊弘貿易股份有限公司","臺北市大安區和平東路2段49之1號10樓之1","",6000000,"0631016","1020220"
3,"04259402","堅信實業有限公司","新北市汐止區東山里汐平路二段四五號二樓","",1000000,"0650103","1020207"
4,"04433872","賢弘企業有限公司","臺北市大安區羅斯福路3段125號8樓之4","",5000000,"0680430","1020207"
5,"04480059","德鎮企業有限公司","臺北市大同區雙連街39巷22號3樓","",2000000,"0691010","1020221"
6,"04528053","承達國際有限公司","臺北市大安區和平東路2段49之1號10樓之1","林文松",700000,"0620818","1020222"
7,"04537150","沛緹生技股份有限公司","新北市土城區永寧里永平街8號","",10000000,"0630212","1020227"
8,"04579067","新茂化工企業有限公司","臺北市萬華區和平西路3段382巷2弄11號1樓","",5000000,"0650114","1020220"
9,"04634821","家和彩色製版有限公司","臺北市萬華區萬大路576號","",3000000,"0750115","1020220"
10,"04831490","永桀企業有限公司","新北市板橋區大勇街62號1樓","",5000000,"0711123","1020221"
11,"05025986","力豐紙業股份有限公司","臺北市中正區和平西路2段21號","",2000000,"0700203","1020208"
12,"05051920","喜華有限公司","臺北市北投區文化北路104號2樓","",1000000,"0680508","1020220"
13,"05132796","興騎企業有限公司","臺北市中正區羅斯福路4段24巷1號","",1000000,"0720601","1020227"
14,"06384382","龍門圖書股份有限公司","臺南市中西區法華街一一五號","",5500000,"0741217","1020227"
15,"06773740","胤銘精密工業有限公司","高雄市鼓山區光榮里建榮路40號","",2000000,"0741001","1020207"
16,"06782608","聯曜企業有限公司","臺北市松山區忠孝東路4段293號7樓4室","",5000000,"0751008","1020223"
17,"09425181","元大達工業有限公司","新北市新店區百忍街１０巷１４號１樓","",10000000,"0721015","1020222"
18,"09472655","德因企業有限公司","臺北市大安區信義路2段208號11樓","",5000000,"0740321","1020222"
19,"11734888","新惠德企業股份有限公司","臺北市松山區南京東路3段285號7樓","",5000000,"0591229","1020223"
20,"12020213","穩好汽車有限公司","臺北市中山區新生北路1段11之7號","",1000000,"0540715","1020201"
21,"12148513","養樂食品股份有限公司","","",0,"0690725","1020227"
22,"12235880","豐鉅企業有限公司","臺北市中山區民生東路3段25號11樓","",5000000,"0680714","1020205"
23,"12296204","威律股份有限公司","臺北市大安區新生南路1段165巷11號1樓","",7000000,"0690918","1020223"
24,"12501789","優鍾企業股份有限公司","臺北市中山區松江路274號5樓","",5000000,"0730516","1020206"
25,"12605876","全益精密鋼模有限公司","新北市樹林區三俊街一二六巷一六號一樓","",1000000,"0890817","1020225"
26,"12625536","立昌投資有限公司","新竹市民生路193號4樓之10","",30000000,"0890928","1020205"
27,"12632620","家正有限公司","新北市永和區永利路77號1樓　　　　　　　　　　　　　　　　　　　　　","",500000,"0891012","1020201"
28,"12635083","北辰投資有限公司","新北市新店區安德街71巷12號4樓","",5000000,"0891016","1020227"
29,"12649988","湯偉有限公司","臺南市永康區西勢里富強路二段19巷14弄18號1樓","",1000000,"0891108","1020223"
30,"12650252","立輝投資股份有限公司","新北市中和區景平路六六六號二樓","",1000000,"0890926","1020227"
31,"12655735","鴻賓國際資訊有限公司","新北市蘆洲區民義街101巷17號2樓","",2000000,"0891014","1020227"
32,"12671524","如憶有限公司","臺北市內湖區瑞光路478巷18弄32號8樓","",5000000,"0891208","1020201"
33,"12684078","弘逸電子有限公司","臺北市文山區景後街97號3樓之2","",10000000,"0900205","1020223"
34,"12695835","創世達實業有限公司","新北市永和區保生路5巷1號13樓","",2000000,"0900320","1020220"
35,"12701908","永富電腦有限公司","高雄市大寮區鳳屏一路314號","",1000000,"0891113","1020205"
36,"12710505","七七文化事業有限公司","臺中市西屯區漢成三街4號","",1000000,"0891128","1020222"
37,"12710646","泉記電機有限公司","桃園縣平鎮市湧光里南豐路133巷4號","",1000000,"0891128","1020222"
38,"12745407","群瓏企業管理顧問有限公司","桃園縣中壢市新興里林森路一七八之一號二樓","",600000,"0900209","1020221"
39,"12767041","伊諾飛運動器材國際股份有限公司","新竹市榮濱路48巷10弄22號","",18900000,"0900319","1020206"
40,"12774900","菁樺化粧品有限公司","臺中市北區頂厝里進化北路238號9樓之1  ","",10000000,"0900329","1020220"
41,"12785842","期富實業有限公司","高雄市梓官區梓官路城隍巷三○號一樓","",500000,"0900418","1020223"
42,"12789018","前碩科技企業有限公司","桃園縣桃園市東門里中興街1號1樓","",500000,"0900423","1020201"
43,"12797397","高貹企業有限公司","高雄市三民區寶安里覺民路653號1樓","",5000000,"0900507","1020201"
44,"12810292","榮佔企業有限公司","高雄市茄萣區保定里信義路二段三○巷六號一樓","",5000000,"0900525","1020218"
45,"12840747","騰暐企業有限公司","屏東縣屏東市崇禮里貴陽街4號2樓","",1150000,"0900723","1020201"
46,"12853475","奇果創意行銷股份有限公司","臺北市中山區民權東路2段92巷1弄16號1樓","",3000000,"0900411","1020207"
47,"12861572","寰林興業有限公司","臺北市信義區永吉路226號1樓","",3000000,"0900508","1020220"
48,"12865140","怡捷行銷顧問有限公司","臺北市中山區南京東路3段26號11樓","",500000,"0900521","1020222"
49,"12902222","寶屏鐘錶股份有限公司","屏東縣屏東市民生路二九四號一樓","",10000000,"0900921","1020204"
50,"12908020","浚博科技股份有限公司","高雄市大寮區鳳林三路37巷36號1樓","",50000000,"0901004","1020219"
51,"12911539","欣展鐘錶股份有限公司","新北市樹林區博愛一街十四號一樓","",4000000,"0901012","1020205"
52,"12939733","泰安開發有限公司","臺北市中山區長春路317號1樓","",12000000,"0900820","1020219"
53,"13012562","鼎鎧企業有限公司","新北市新店區順安街三六號一樓","",1000000,"0910118","1020201"
54,"13037183","瑞琪爾國際有限公司","臺南市中西區公園路62號2樓","",500000,"0910305","1020223"
55,"13096226","評觀行銷顧問有限公司","臺北市松山區敦化北路143號3樓","",5000000,"0910321","1020222"
56,"13112416","豪昱科技股份有限公司","臺北市南港區興南街52巷35號2樓","",1000000,"0910501","1020207"
57,"13133756","海威國際物流股份有限公司","臺北市大安區復興南路1段215號3樓","",8250000,"0910701","1020205"
58,"13136923","雙向互動事業股份有限公司","臺北市中山區南京東路2段100號6樓","",3000000,"0910709","1020222"
59,"13158067","明洋興業有限公司","高雄市鼓山區中華一路176號","",5000000,"0901022","1020206"
60,"13163879","天水音響有限公司","高雄市三民區長明街45號1樓","",500000,"0910118","1020223"
61,"13165757","長宏國際事業有限公司","高雄市岡山區平安里開元街53號1樓","",3000000,"0910208","1020225"
62,"13166812","高盛興業有限公司","高雄市新興區文橫一路17號","",5000000,"0910304","1020219"
63,"13177402","群益國際開發有限公司","高雄市小港區青山街71巷廿號7樓","",10000000,"0910619","1020220"
64,"13188724","昱億企業有限公司","高雄市左營區曾子路210巷15號9樓","",1000000,"0911024","1020204"
65,"13191657","鶴欣貿易企業有限公司","高雄市新興區民生一路56號7樓之8","",11000000,"0911126","1020204"
66,"13199567","宏星科技股份有限公司","臺中市北屯區北屯路366號6樓之1","",26000000,"0920221","1020208"
67,"16014803","軒達設計工程有限公司","新北市板橋區仁化街一一七之一號","",5000000,"0860526","1020227"
68,"16104430","新彰科技實業有限公司","高雄市左營區新光里文康路159號","",5000000,"0860626","1020226"
69,"16114394","芸茂實業股份有限公司","高雄市仁武區赤東一街41號1樓　","",10000000,"0860924","1020221"
70,"16114599","進億有限公司","高雄市左營區菜公里重義路59之1號19樓","",1000000,"0860926","1020225"
71,"16128025","億妮有限公司","高雄市新興區新田路73號6樓","",1000000,"0870227","1020205"
72,"16163296","七海通商企業有限公司","臺中市南屯區大墩17街137號6樓","",5000000,"0861002","1020204"
73,"16168497","鴻禧國際股份有限公司","臺北市中山區吉林路418號3樓","",20000000,"0861017","1020223"
74,"16243854","甫廷有限公司","臺南市南區大忠里中華南路1段80號1樓","",1000000,"0861015","1020205"
75,"16323651","滿溢貿易有限公司","臺北市大安區建國南路2段306號6樓","",500000,"0870409","1020221"
76,"16359777","昀鋒企業有限公司","基隆市安樂區武訓街36號","",5000000,"0870106","1020223"
77,"16391278","冠福有限公司","新北市新店區中興路二段八九號","",1000000,"0870227","1020205"
78,"16413750","源水有限公司","臺中市東區東南里東光路２１４號１樓","",500000,"0870330","1020227"
79,"16414701","人岱股份有限公司","桃園縣蘆竹鄉中正路三四三號","",10000000,"0870331","1020201"
80,"16459376","和詮鑫建設開發有限公司","高雄市左營區明誠二路332號7樓之3","",25000000,"0870623","1020219"
81,"16460113","尤泰有限公司","高雄市新興區榮治里一鄰大同一路229巷25號1樓","",1000000,"0870701","1020207"
82,"16460850","唐邦國際實業股份有限公司","高雄市新興區中正二路182號6樓之1","",5000000,"0870709","1020204"
83,"16463688","赫謙多功能行銷有限公司","高雄市左營區修明街132號1樓","",2000000,"0870812","1020131"
84,"16479632","金國強汽車材料有限公司","高雄市小港區山東里宏平路610號","",1000000,"0880318","1020220"
85,"16484558","強維實業有限公司","新北市板橋區三民路二段正隆巷二四號三樓","",5000000,"0870423","1020222"
86,"16513505","宥辰有限公司","臺中市南區工學二街二七三號二樓","",10000000,"0870529","1020201"
87,"16516025","明昌裝璜工程有限公司","臺中市大肚區社腳里沙田路一段七一○巷九四號","",1000000,"0870602","1020205"
88,"16520673","費加洛婚紗攝影股份有限公司","新北市板橋區中山路1段118號","",10000000,"0730607","1020218"
89,"16537984","英朝臻實業有限公司","臺中市神岡區庄後里厚生路91之3號","",2500000,"0870629","1020208"
90,"16545056","東住通企業股份有限公司","花蓮縣花蓮市國魂里商校街167號1樓","",1000000,"0870709","1020222"
91,"16550487","東詠聖企業有限公司","新北市土城區日新街58號1樓","",2000000,"0870717","1020222"
92,"16561029","上大旅行社有限公司","臺南市北區民德路九○巷三七號一、二樓","",5000000,"0870730","1020204"
93,"16605390","新台聯消防安全設備股份有限公司","新北市汐止區烘內里瑞松街152巷55弄8號","",10000000,"0870710","1020205"
94,"16605602","弘美機械實業有限公司","臺中市南區和平里忠明南路758號25樓","",5000000,"0870714","1020227"
95,"16614118","樂爽藥品股份有限公司","臺北市內湖區民權東路6段160號5樓之1","",2000000,"0870806","1020221"
96,"16647005","自然能源開發有限公司","高雄市鳳山區文華里文華街５號１樓","",3600000,"0870903","1020204"
97,"16660914","環銘金屬有限公司","臺南市中西區湖美街一一三巷二五號","",5000000,"0870922","1020205"
98,"16663052","琮信工業有限公司","臺南市新市區港墘里三民街10巷5號","",3000000,"0870925","1020227"
99,"16663341","鍾賀企業有限公司","臺中市太平區成功東路三六六號一樓","",5000000,"0870925","1020114"
100,"16704928","富客生保險經紀人股份有限公司","屏東縣屏東市勝利里廣東路990號3樓之1","",5000000,"0871130","1020201"
101,"16728076","執計事業有限公司","新竹市豐功里新源街六二巷二三號四樓","",1000000,"0880108","1020227"
102,"16810603","成功人生國際企管顧問有限公司","高雄市新興區民權一路251號6樓之3","",2000000,"0880804","1020206"
103,"16812454","雙贏財務管理顧問有限公司","臺南市南區文華里建南路216號","",1000000,"0880826","1020201"
104,"16812671","翔易企業有限公司","高雄市楠梓區軍校路761號2樓","",1000000,"0880831","1020204"
105,"16814559","翊精企業有限公司","高雄市新興區信守街168號3樓之5","",5000000,"0880928","1020207"
106,"16814761","宏喬實業有限公司","高雄市仁武區仁慈里仁慈路35巷86號","",4000000,"0880930","1020206"
107,"16817280","隆元發投資開發股份有限公司","","",0,"0881103","1020222"
108,"16817319","宏億投資開發股份有限公司","","",0,"0881104","1020222"
109,"16817444","廣耀投資開發股份有限公司","","",0,"0881104","1020222"
110,"16820433","聯同科技股份有限公司","高雄市前鎮區瑞平里崗山南街363號","",1000000,"0881217","1020201"
111,"16830116","鄉村運通有限公司","臺北市大安區信義路4段181號2樓之2","",5000000,"0871208","1020204"
112,"16868317","凱堯廣告事業有限公司","臺中市北屯區平德里天津路三段一三五號四樓","",5000000,"0880308","1020222"
113,"16898121","喬裕貿易有限公司","臺中市西區大進街306號1樓","",3000000,"0880421","1020227"
114,"16975673","振維實業有限公司","臺中市北區頂厝里榮華街一七七號一樓","",1000000,"0880805","1020225"
115,"20915039","世環有限公司","臺北市中山區復興北路60號Ａ室6樓","",5000000,"0710224","1020208"
116,"20996454","永成鐵櫃家具有限公司","臺北市松山區南京東路4段133巷9弄2號","",3000000,"0721017","1020221"
117,"22056409","志銘鞋業股份有限公司","彰化縣埔鹽鄉打廉村埔打路一巷七號","",20000000,"0741004","1020207"
118,"22116552","偉翔電器有限公司","新北市土城區裕民路108號1樓","",500000,"0750424","1020221"
119,"22125406","民祥企業有限公司","苗栗縣竹南鎮頂埔里12鄰天仁39號","",5000000,"0750509","1020227"
120,"22160917","昶懿實業有限公司","桃園縣桃園市愛7街7之3號","",1000000,"0750619","1020208"
121,"22166948","匯航有限公司","臺北市中山區吉林路456巷30號3樓","",5000000,"0750704","1020204"
122,"22173440","秉達攝影有限公司","臺北市松山區八德路2段447號3樓之2","",2000000,"0750723","1020207"
123,"22251402","飛虎企業有限公司","高雄市前鎮區瑞豐里憲德戲院巷二號","",9000000,"0750814","1020206"
124,"22257150","頤祥機械工程有限公司","高雄市前鎮區佛公路35號","",5000000,"0740925","1020220"
125,"22282545","鉦耀鐘錶企業股份有限公司","桃園縣大溪鎮烏塗窟三二號","",15000000,"0751008","1020223"
126,"22313287","仙井電機有限公司","臺中市南屯區南屯路二段七○號一樓","",5000000,"0751213","1020226"
127,"22533613","南昇工程有限公司","高雄市小港區民益路133巷42弄15號","",2000000,"0760729","1020221"
128,"22540889","金氏企業有限公司","高雄市鳳山區大明路123號8樓","",3001000,"0761102","1020221"
129,"22558521","敬農有限公司","宜蘭縣宜蘭市延平路38之27號","",1000000,"0760702","1020220"
130,"22569652","崧藝橡膠有限公司","新北市五股區民義路一段303號","",1000000,"0760724","1020225"
131,"22587737","台灣開得科技股份有限公司","高雄市旗山區民族三街20號","",10000000,"0760824","1020205"
132,"22631419","建安機電有限公司","桃園縣中壢市民權路三段７５巷４１０號","",5000000,"0760827","1020225"
133,"22668267","捷榮興業有限公司","新北市三重區五谷王北街58巷41號","",5000000,"0761013","1020222"
134,"22726132","北投鐘錶有限公司","臺北市北投區光明路114號1樓","",3000000,"0761130","1020218"
135,"22797121","豐錩有限公司","彰化縣永靖鄉光雲村意善巷111號","",3000000,"0770323","1020225"
136,"22837926","智垣企業有限公司","高雄市新興區明星街82號","",5000000,"0770916","1020204"
137,"22846143","昭揚貿易有限公司","高雄市三民區黃興路455巷33號","",5000000,"0780109","1020225"
138,"22846684","綵修五金有限公司","高雄市三民區大利街27號","",3000000,"0780113","1020205"
139,"22850217","季修企業有限公司","高雄市三民區旅順街90號1樓","",3000000,"0780301","1020221"
140,"22901031","典輝貿易股份有限公司","桃園縣龜山鄉樂善村文德二路116巷11弄15號","",5000000,"0770616","1020223"
141,"22945354","聯益鑄造股份有限公司","苗栗縣後龍鎮大庄里2鄰龍庄街22號","",4900000,"0770614","1020207"
142,"22950026","伯強塑膠有限公司","新北市土城區中華路二段一○○號一樓","",1000000,"0760622","1020207"
143,"22982651","錫箔亮印刷有限公司","臺中市大里區國光路一段１５９巷１１之９號","",2000000,"0770803","1020219"
144,"23021463","永程科技有限公司","臺北市南港區松河街384號5樓","",10000000,"0770715","1020227"
145,"23047626","鈺豐國際實業有限公司","臺北市大安區忠孝東路4段142號6樓之3","",5000000,"0770912","1020205"
146,"23121738","原麗皂坊企業有限公司","新北市三重區重新路5段639之2號8樓","",1000000,"0771027","1020222"
147,"23178984","華盛企業股份有限公司","桃園縣楊梅市楊江里梅山西街3號4樓5樓","",3000000,"0780105","1020227"
148,"23181398","亞模工業股份有限公司","新北市五股區四維路一一八巷一○弄一九號","",5000000,"0780110","1020227"
149,"23187689","建詳印刷有限公司","新北市中和區員山路226巷13弄9號","",1000000,"0780120","1020204"
150,"23193676","平誠企業有限公司","新北市新莊區成德里八德街148巷8號","",1000000,"0780131","1020204"
151,"23206686","阡禾針織有限公司","桃園縣桃園市大興西路二段26之6號11樓","",5000000,"0780302","1020204"
152,"23247504","祥裕交通器材有限公司","新竹市復中里民權路202號","",1450000,"0780421","1020222"
153,"23268752","伽和機械有限公司","臺中市梧棲區南簡里長春路252巷41號","",4000000,"0780523","1020226"
154,"23269099","進欽工業股份有限公司","臺中市梧棲區草湳里自強一街28巷27號","",10020000,"0780531","1020227"
155,"23273072","照亞有限公司","桃園縣龍潭鄉龍潭村北龍路200巷11之1號2樓","",1000000,"0780530","1020206"
156,"23303049","育凱數位科技有限公司","臺北市中正區羅斯福路2段140號6樓之2","",5000000,"0780502","1020206"
157,"23353602","金萬興企業有限公司","高雄市苓雅區永康街43號","",5000000,"0790209","1020227"
158,"23386131","啟廷有限公司","臺中市大里區東興里永興路二六五巷一九號一樓","",8000000,"0780707","1020201"
159,"23439448","永伸有限公司","臺北市士林區美崙街74號3樓","",5000000,"0780812","1020204"
160,"23557578","岡昌有限公司","臺中市西區精美街39號1樓","",5000000,"0790202","1020204"
161,"23565900","富桂園園藝有限公司","新北市三峽區中山路30號6樓之1","",3000000,"0790105","1020201"
162,"23609175","秀才生鮮便利商店有限公司","臺北市松山區松山路615巷8號1樓","",5000000,"0790108","1020225"
163,"23660279","洪祿工程有限公司","高雄市苓雅區興中一路219巷74號1樓","",3000000,"0791016","1020207"
164,"23662353","新冊企業有限公司","高雄市小港區中心路126號","",10000000,"0791114","1020131"
165,"23678989","俊保工業有限公司","臺中市霧峰區吉峰里民生路217-8號","",1000000,"0790314","1020227"
166,"23687191","昌有貿易有限公司","臺中市北區金龍里益華街六六號","",5000000,"0790327","1020208"
167,"23702518","旭挺企業有限公司","新北市新莊區自信街四五巷一七號三樓","",1000000,"0790419","1020221"
168,"23728708","鴻華鋁業有限公司","臺北市北投區東華街2段14號1樓","",1000000,"0790410","1020226"
169,"23730985","豪康金屬有限公司","新北市汐止區北山里八鄰福德二路三五五號一樓","",1000000,"0790414","1020205"
170,"23796493","保全醫藥股份有限公司","彰化縣彰化市崙平里平和十二街2號","",1500000,"0790627","1020227"
171,"23856724","鼎正企管顧問股份有限公司","彰化縣彰化市光南里中興路一三○號三樓","",1000000,"0790924","1020206"
172,"23886261","秦驊有限公司","臺中市大雅區二和里雅環路一段300巷1弄9號1樓","",5000000,"0790814","1020208"
173,"23915462","浩天股份有限公司","臺北市松山區寶清街17號2樓","",1000000,"0791114","1020221"
174,"23921979","逸立實業有限公司","臺北市信義區虎林街164巷19之1號","",6000000,"0791203","1020208"
175,"24204216","金隆發有限公司","臺中市神岡區社南里中山路667巷26弄16號","",500000,"0970722","1020222"
176,"24206571","宏嘉車業有限公司","新竹市北區西門里西大路540號1樓","",250000,"0970724","1020208"
177,"24209795","釐米工程有限公司","新北市板橋區雙玉里三民路1段120號5樓","",5000000,"0970731","1020208"
178,"24212525","太閣食品有限公司","彰化縣員林鎮三和里成功東路８１號","",300000,"0970805","1020218"
179,"24222354","彥冠科技有限公司","新北市中和區中山路2段359巷4號3樓","",1000000,"0970822","1020226"
180,"24232711","千禕有限公司","屏東縣屏東市建國路４０５巷１９弄１６號１樓","",1000000,"0970911","1020205"
181,"24232748","適真家飾有限公司","新北市三峽區龍埔里學成路261號","",1000000,"0970911","1020225"
182,"24234464","京群投資企業股份有限公司","臺中市北區台中港路1段242號10樓之2","",14000000,"0970916","1020208"
183,"24236195","金蕊企業有限公司","桃園縣桃園市民有十二街56號14樓","",500000,"0970919","1020218"
184,"24238659","華鼎化學工業股份有限公司","桃園縣觀音鄉樹林村經建五路30號","",20000000,"0970924","1020221"
185,"24246855","翊兆貿易有限公司","嘉義縣太保市過溝里15鄰北港路2段429巷125弄7號1樓","",1000000,"0971009","1020205"
186,"24264939","鼎瑞國際有限公司","新竹市金山23街91號3樓之6","",500000,"0971113","1020201"
187,"24277646","鴻科科技有限公司","桃園縣桃園市文明里南華街60號5樓之1","",2000000,"0971210","1020223"
188,"24280348","逢甲瑰寶有限公司","臺中市西屯區西平里文華路162巷8號1樓","",250000,"0971216","1020206"
189,"24289312","聯宇網路多媒體有限公司","高雄市鳳山區五甲二路５２９巷４０號","",1000000,"0980106","1020220"
190,"24293245","峰碩國際貿易有限公司","新竹縣湖口鄉德和路60巷1弄10號2樓","",1000000,"0980114","1020227"
191,"24303449","原創國際企業有限公司","臺北市中正區衡陽路85號2樓","",5000000,"0971028","1020227"
192,"24304968","千觀有限公司","臺北市北投區大度路3段187號9樓","",500000,"0971105","1020208"
193,"24309746","捷鷹科技股份有限公司","臺北市松山區民權東路3段142號3樓之3","",2950000,"0971126","1020123"
194,"24319420","喬惟有限公司","臺北市中山區南京西路2號","",500000,"0980112","1020207"
195,"24330059","犀牛科技股份有限公司","臺北市信義區忠孝東路5段625號5樓","",1000000,"0980311","1020225"
196,"24330987","和眾國際資訊股份有限公司","臺北市信義區忠孝東路5段510號11樓之2","",4375000,"0980316","1020219"
197,"24337193","普資科技有限公司","臺北市信義區和平東路3段391巷8弄71號","",250000,"0980407","1020204"
198,"24346334","比雅諾有限公司","臺北市信義區莊敬路248號1樓","",1000000,"0980514","1020201"
199,"24348810","申一餐飲有限公司","臺北市大安區忠孝東路4段1號8樓","",4000000,"0980522","1020221"
200,"24359695","快活族食品有限公司","臺南市永康區甲頂里大武街32號2樓","",1000000,"0980225","1020205"
201,"24367132","春沛清潔有限公司","新北市新莊區中正路334巷25弄39-3號","",1000000,"0980310","1020206"
202,"24369976","旭光能源科技有限公司","臺北市內湖區環山路2段109巷3弄19號5樓","",1000000,"0980316","1020225"
203,"24372493","銪田工程顧問有限公司","宜蘭縣五結鄉利澤村利成路二段2巷102號一樓","",1000000,"0980319","1020204"
204,"24382295","欣揚食品有限公司","新北市新店區直潭三街52-1號","",1000000,"0980406","1020221"
205,"24387236","承昀金屬有限公司","苗栗縣頭份鎮民生里4鄰富貴新邨17號1樓","",500000,"0980414","1020206"
206,"24390653","秋風技研有限公司","臺中市南屯區環中路5段688之1號旁","",3000000,"0980420","1020206"
207,"24390719","長昱國際有限公司","新北市汐止區福德一路110號1樓","",1000000,"0980417","1020223"
208,"24392646","家溋國際企業有限公司","臺中市北區崇德路一段631號5樓之1","",8000000,"0980422","1020205"
209,"24404426","樓石開發有限公司","臺南市東區東平路73號1樓","",250000,"0980512","1020223"
210,"24409230","億明國際有限公司","新竹市中華路2段555號","",250000,"0980520","1020225"
211,"24410686","千晁實業有限公司","新竹縣竹北市新光街86巷8號5樓","",100000,"0980522","1020219"
212,"24419531","精懋企業股份有限公司","高雄市鳳山區鎮北里鎮北街27巷21號1樓","",1000000,"0980608","1020204"
213,"24422254","食話石說有限公司","彰化縣彰化市福安里民生南路51號","",260000,"0980611","1020204"
214,"24432268","世巽環保科技有限公司","花蓮縣新城鄉大漢村華陽街8巷2號1樓","",500000,"0980629","1020208"
215,"24436813","聖昌纖維有限公司","彰化縣田中鎮北路里福安路292巷88弄18號1樓","",1000000,"0980703","1020220"
216,"24438143","競馬動力科技有限公司","桃園縣八德市興豐路289號1樓","",1000000,"0980707","1020227"
217,"24439608","金門管理顧問有限公司","高雄市鳳山區新泰里南京路158號1樓","",1000000,"0980709","1020131"
218,"24442189","永佶翔實業有限公司","臺中市豐原區豐田里市政路5巷5號1樓","",500000,"0980713","1020205"
219,"24455775","京秉有限公司","臺北市松山區寶清街17號10樓","",500000,"0980817","1020208"
220,"24456520","泓暢有限公司","臺北市大安區忠孝東路4段2號10樓之3","",1000000,"0980819","1020223"
221,"24457289","翰諠貿易有限公司","新北市中和區莒光路63號(5樓)","",1000000,"0980820","1020222"
222,"24459688","肯灣國際企業股份有限公司","臺北市文山區景興路188號20樓之6","",2000000,"0980828","1020207"
223,"24476259","益誠機電工程有限公司","屏東縣林邊鄉光明路22號","",2000000,"0981102","1020204"
224,"24481295","鼎石投資顧問有限公司","臺北市中山區復興北路62號9樓","",250000,"0981119","1020208"
225,"24490359","百匯資訊股份有限公司","臺北市中山區南京東路3段189號10樓","",3000000,"0981223","1020227"
226,"24508196","安南鐵場實業有限公司","高雄市左營區文智路79巷6號1樓","",600000,"0990224","1020226"
227,"24508560","鮮潮流餐飲管理顧問股份有限公司","高雄市苓雅區四維四路10號5樓之1","",7240000,"0990302","1020206"
228,"24512327","德州食品有限公司","高雄市三民區建工路562號1樓","",500000,"0990422","1020227"
229,"24522676","鼎三料理有限公司","高雄市新興區中正二路184號","",1000000,"0990830","1020220"
230,"24524920","泰茗科技有限公司","高雄市楠梓區後昌路718巷19號","",2000000,"0990929","1020131"
231,"24526650","兆勝環保有限公司","高雄市三民區本松街75巷3號1樓","",5000000,"0991025","1020131"
232,"25005170","針準有限公司","桃園縣桃園市南埔里大興西路2段265號7樓之1","",600000,"0980731","1020205"
233,"25010862","金發興實業有限公司","桃園縣中壢市內定里合圳北路二段126巷2號","",2000000,"0980811","1020201"
234,"25012382","旻伽國際貿易有限公司","臺中市大甲區薰風里光明路87號1樓","",300000,"0980813","1020222"
235,"25015424","傑旺智科技有限公司","桃園縣蘆竹鄉南崁路一段82號11樓","",250000,"0980818","1020204"
236,"25016063","宇英通經營管理顧問有限公司","臺中市北屯區水湳里大連路一段41巷20號2樓","",600000,"0980819","1020204"
237,"25016084","濱榮國際貿易有限公司","桃園縣蘆竹鄉錦中村南崁路1段84之1號6樓","",500000,"0980819","1020205"
238,"25021185","凱優地科技顧問有限公司","臺中市太平區新坪里育仁路110巷1弄5號1樓","",250000,"0980814","1020219"
239,"25024633","環球世達資產管理顧問股份有限公司","新北市三重區光復路1段82之8號10樓","",12000000,"0980902","1020221"
240,"25035370","欣漾有限公司","臺中市北區天津一街55號1樓","",1000000,"0980922","1020201"
241,"25036455","將由有限公司","臺南市永康區西橋里中華西街21巷18號1樓","",2000000,"0980923","1020207"
242,"25041366","億錸興業有限公司","新北市板橋區港嘴里三民路一段1巷28之1號2樓","",1000000,"0980930","1020227"
243,"25044883","永尚益機械工程有限公司","花蓮縣新城鄉康樂村32鄰康樂一街131號1樓","",2000000,"0981006","1020208"
244,"25044954","沅翰國際貿易有限公司","新北市新店區明德路71-之2號4樓","",300000,"0981006","1020204"
245,"25045433","漢宏偉利紙業有限公司","臺中市西屯區工業區2路10號","",30000000,"0981007","1020208"
246,"25046165","睿迪科技股份有限公司","新北市林口區民富街97號","",3600000,"0981008","1020206"
247,"25051552","柚林生技有限公司","苗栗縣苗栗市嘉盛里爲公路６３０巷１號","",1000000,"0981016","1020226"
248,"25064629","品越室內裝修設計有限公司","新北市汐止區新台五路1段77號11樓之1","",1000000,"0981106","1020207"
249,"25069737","詠生實業有限公司","南投縣草屯鎮南埔里青宅巷18號","",200000,"0981116","1020227"
250,"25069820","科寧國際有限公司","新北市中和區文元里4鄰員山路146巷7號","",1000000,"0981116","1020222"
251,"25071163","諸葛風企管顧問有限公司","新北市板橋區文化路1段52巷18號","",300000,"0981118","1020201"
252,"25085650","群功股份有限公司","新北市中和區碧河里建八路167號3樓","",10000000,"0981210","1020204"
253,"25095405","如邑興業有限公司","高雄市鳳山區中正里博愛路288號4樓","",2000000,"0981224","1020221"
254,"25097348","和喜第有限公司","臺南市南區新孝路148巷80號1樓","",200000,"0981228","1020204"
255,"25097826","淺田藥粧有限公司","嘉義市短竹里小雅路501號1樓","",500000,"0981229","1020221"
256,"25105831","祥寧生物科技有限公司","臺北市中正區信義路1段5之3號12樓","",1000000,"0990224","1020206"
257,"25107660","崧友投資股份有限公司","臺北市信義區基隆路1段380號5樓","",6000000,"0990304","1020226"
258,"25112170","美綠屋實業有限公司","臺北市萬華區忠孝西路2段38號10樓之1","",500000,"0990319","1020221"
259,"25112360","立方體國際企業有限公司","臺北市松山區南京東路4段164號7樓之1","",5000000,"0990319","1020205"
260,"25118842","美樂家國際事業有限公司","臺北市士林區社子街102號1樓","",1000000,"0990409","1020131"
261,"25119933","多姿多彩創意有限公司","臺北市大安區信義路3段156號14樓","",6000000,"0990413","1020227"
262,"25124041","揚昌土地開發有限公司","臺北市中山區北安路689巷臨41之1號","",2000000,"0990427","1020206"
263,"25156373","益成開發建設有限公司","嘉義縣民雄鄉西安村菜園6-14號1樓","",5000000,"0990114","1020223"
264,"25156943","寶贊國際有限公司","臺中市南屯區新生里新民巷26之5號1樓","",1000000,"0990115","1020201"
265,"25160101","雄凱貿易有限公司","高雄市永安區永安里忠孝街44號1樓","",500000,"0990121","1020208"
266,"25161170","葳澤保險經紀人有限公司","新北市樹林區三龍里16鄰三龍街113-2號7樓","",3000000,"0990125","1020206"
267,"25171515","瑭魯文化事業有限公司","臺南市中西區公正里中山路88號7樓之1","",1000000,"0990212","1020225"
268,"25171613","協毅印刷有限公司","臺中市大里區西湖里草溪西路188巷19號","",500000,"0990212","1020204"
269,"25176151","長弘開發國際有限公司","臺中市豐原區南陽里南陽路73號1樓","",1000000,"0990305","1020201"
270,"25177601","綠活環保科技股份有限公司","桃園縣桃園市中興里民安路1號2樓","",1000000,"0990310","1020205"
271,"25178284","達人國際企管顧問股份有限公司","臺中市西區忠誠里忠明南路16號10樓之10","",2000000,"0990311","1020227"
272,"25188375","台灣生活卡有限公司","臺中市西區忠明南路270號8樓之2","",1000000,"0990330","1020227"
273,"25199154","瑞點實業有限公司","宜蘭縣羅東鎮大新里民生東路32號","",500000,"0990420","1020223"
274,"25199730","晉研企業有限公司","臺南市中西區海安路二段79巷20號1樓","",500000,"0990421","1020219"
275,"27208453","強網企業有限公司","高雄市新興區信守街168號9樓之1","",3000000,"0931022","1020201"
276,"27209663","藝嘉科技有限公司","高雄市新興區中山二路472號5樓之9","",5800000,"0931104","1020219"
277,"27225501","星輝國際開發有限公司","高雄市三民區民族一路878號17樓之2","",6000000,"0940427","1020205"
278,"27275467","泉衛創作有限公司","新北市蘆洲區信義路113巷1弄3號2樓　","",1000000,"0930426","1020204"
279,"27276748","超越國際科技股份有限公司","新北市板橋區光武街三六巷三四之二號","",10000000,"0930427","1020207"
280,"27296913","阿波羅娛樂開發有限公司","臺南市白河區永安里中山路一二一號","",500000,"0930521","1020223"
281,"27307046","毓展股份有限公司","新北市中和區中山路2段315巷8號8樓","",5000000,"0930603","1020220"
282,"27309987","信毅不動產經紀有限公司","臺中市西屯區福雅路６３號１樓","",1000000,"0930608","1020201"
283,"27320673","意新國際有限公司","臺北市北投區大業路382號10樓之1","",500000,"0930517","1020208"
284,"27335177","芊實有限公司","臺北市南港區福德街310巷10號1樓","",500000,"0930629","1020218"
285,"27378371","仁佑資訊有限公司","桃園縣中壢市普仁里大智街3號","",1000000,"0930617","1020220"
286,"27380398","季桓企業有限公司","臺南市佳里區建南里祥和三街二一三號一樓","",500000,"0930621","1020208"
287,"27413428","上泰貿易有限公司","新北市三重區過田里重陽路1段111號3樓","",10000000,"0930802","1020206"
288,"27416591","野邁企業有限公司","嘉義市湖子內路1巷52號3樓","",10000000,"0930805","1020222"
289,"27427773","新景互動科技有限公司","新北市汐止區新台五路一段81號16樓之2","",1000000,"0930819","1020201"
290,"27436317","盛錦有限公司","臺中市西屯區福雅里永福路35號","",2000000,"0930902","1020226"
291,"27460152","豐獲國際有限公司","臺北市信義區信義路5段5號","",1000000,"0931005","1020206"
292,"27461700","特衛你國際事業有限公司","臺中市南區福順里南昌街62號1樓","",2000000,"0931007","1020225"
293,"27482796","飛捷通訊科技有限公司","新北市汐止區三民街一巷五號四樓","",500000,"0931103","1020222"
294,"27494934","千石緣有限公司","高雄市鳳山區文福里文雅街145號1樓","",1000000,"0931119","1020223"
295,"27498018","鑫韻國際美容有限公司","屏東縣屏東市公裕街三八三巷二二弄二三號","",500000,"0931124","1020222"
296,"27503510","東裕不動產有限公司","臺南市南區健康路二段403號1樓","",2000000,"0931201","1020131"
297,"27519750","大富都育樂有限公司","新北市五股區成泰路1段98巷16之66號","",3000000,"0931221","1020218"
298,"27527034","美樂福國際開發實業有限公司","臺北市文山區興隆路4段122巷12號1樓","",5000000,"0931028","1020204"
299,"27540304","觀點國際企管顧問股份有限公司","臺北市大安區忠孝東路4段289號10樓之3","",1000000,"0931207","1020207"
300,"27557141","聯合防禦股份有限公司","臺中市大里區仁化路５５８號１樓","",1000000,"0940126","1020204"
301,"27559632","振揚科技股份有限公司","臺北市中山區松江路362巷9號1樓","",1500000,"0940203","1020223"
302,"27560820","紐莎茵思有限公司","臺北市中正區忠孝西路1段50號14樓之4","",5000000,"0940408","1020205"
303,"27569982","鴻遠影視製作股份有限公司","臺北市大同區重慶北路1段67號11樓之3","",10000000,"0940315","1020207"
304,"27571018","長青休閒農牧開發有限公司","臺北市士林區社正路75號3樓","",1000000,"0940318","1020225"
305,"27585929","鑫立自動控制有限公司","臺中市烏日區九德里興祥街一九巷四一號一樓","",500000,"0931229","1020226"
306,"27600772","柄勝企業有限公司","新北市蘆洲區光華路三二號","",2000000,"0940119","1020204"
307,"27602292","笙傳科技股份有限公司","新北市中和區員山路512號4樓","",6000000,"0940120","1020204"
308,"27602379","睿成興業有限公司","桃園縣大園鄉五權村8鄰下埔74之56號","",100000,"0940120","1020223"
309,"27629454","艾迪爾企業有限公司","新竹縣竹北市聯興里新興路152號","",5000000,"0940304","1020204"
310,"27655641","元禾工程有限公司","新北市中和區中山路２段３１２巷３７之三號","",1000000,"0940331","1020223"
311,"27657346","劦丞有限公司","桃園縣龜山鄉復興一路266號1樓","",2400000,"0940404","1020218"
312,"27664959","錦觀有限公司","新北市中和區圓通路９１之４號","",1000000,"0940412","1020205"
313,"27697184","巨象網路科技股份有限公司","臺中市中區柳川里三民路2段17巷25號","",1000000,"0941115","1020201"
314,"27698851","時尚傢俱有限公司","高雄市三民區鼎強街87號1樓","",800000,"0941201","1020201"
315,"27714923","特豐企業有限公司","桃園縣龜山鄉大湖村文化三路63號8樓之6","",3600000,"0940415","1020221"
316,"27714959","匯海珍珠有限公司","臺北市中山區長春路67號7樓之1","",1000000,"0940415","1020226"
317,"27726097","寶正泰藥品科技有限公司","臺北市信義區林口街135號","",1000000,"0940513","1020206"
318,"27741421","青雅建設有限公司","臺北市大安區和平東路2段287號1樓","",10000000,"0940624","1020221"
319,"27751031","鼎耀保險經紀人股份有限公司","臺北市松山區復興北路1號7樓之1","",0,"0940722","1020205"
320,"27771141","新樂園廣告有限公司","臺北市松山區南京東路4段103號7樓之3","",500000,"0940920","1020204"
321,"27772633","中榮環保有限公司","臺中市西屯區台中港路二段２４巷２弄２５號１樓","",500000,"0940427","1020219"
322,"27776574","宏鑫資訊設計有限公司","新北市板橋區文化路２段５１６號６樓","",1000000,"0940502","1020220"
323,"27777742","鄌寶國際有限公司","新北市永和區環河東路１段４２號１樓","",2000000,"0940502","1020226"
324,"27781083","彥合科技有限公司","臺中市南屯區楓樹里互榮巷29之9號1樓","",1000000,"0940505","1020208"
325,"27781099","琉雲管理顧問有限公司","臺南市仁德區後壁里德崙路21巷10弄10號","",1000000,"0940505","1020205"
326,"27810518","台灣日月明科技有限公司","臺中市清水區南社里鰲新路61巷16號2樓","",5000000,"0940607","1020226"
327,"27814330","冠海工程有限公司","高雄市三民區臥龍路60巷2弄3號5樓","",10000000,"0940610","1020218"
328,"27829024","總成科技實業股份有限公司","臺南市安南區工業5路57號","",200000000,"0940628","1020206"
329,"27842238","設計工坊有限公司","新北市蘆洲區永德里長安街172巷15號","",1000000,"0940712","1020226"
330,"27862310","松梧有限公司","彰化縣田中鎮中路里中州路１段７４號","",500000,"0940805","1020220"
331,"27887728","詮日有限公司","臺中市北區賴旺里青島路1段24-1號2樓","",1000000,"0940907","1020204"
332,"27888705","策略創新企業股份有限公司","臺中市豐原區南陽里圓環東路265號1樓","",10000000,"0940908","1020226"
333,"27889654","傑利國際有限公司","桃園縣中壢市興南里慈惠一街１０號１樓","",3000000,"0940909","1020225"
334,"27892763","基固工程有限公司","新北市中和區民享街９３巷１４號","",1000000,"0940914","1020225"
335,"27897486","翔鴻興業有限公司","新北市新莊區豐年街132號1樓","",3000000,"0940920","1020204"
336,"27912135","渥林富工業股份有限公司","桃園縣桃園市中正路1071號3樓之1","",12000000,"0941007","1020206"
337,"80313026","風遊館有限公司","新竹縣竹北市光明一路422號","",10000000,"0920416","1020205"
338,"80324001","帝恩電子有限公司","臺中市南區樹義里文心南路751號11樓之2","",500000,"0920429","1020204"
339,"80341634","英特達精密科技股份有限公司","桃園縣楊梅市民富路三段647之2號","",130000000,"0910812","1020226"
340,"80359134","高盛百貨有限公司","高雄市新興區中山1路12之7號","",500000,"0920829","1020219"
341,"80359269","東立百貨有限公司","高雄市苓雅區民權一路7巷66號1樓","",500000,"0920829","1020206"
342,"80365001","紀彬企業有限公司","高雄市新興區中正三路5號5樓之10","",5000000,"0921104","1020226"
343,"80365348","卓鱻企業有限公司","高雄市三民區九如一路805號6樓之1","",500000,"0921106","1020201"
344,"80381311","翔磬國際企業有限公司","高雄市左營區榮總路183巷21號7樓之1","",1000000,"0930426","1020204"
345,"80402646","精金寶石有限公司","臺中市中區平等街１０９號１樓","",5000000,"0920523","1020204"
346,"80408748","宗譽管理顧問有限公司","臺南市仁德區後壁里四三鄰德崙路二一巷一○弄一○號　","",1000000,"0920602","1020205"
347,"80426078","姿燁生物科技有限公司","臺中市南屯區大同里大墩七街47號1樓","",1000000,"0920624","1020222"
348,"80430559","泳淨有限公司","桃園縣桃園市中聖里中山路847巷26號21樓","",500000,"0920701","1020226"
349,"80447088","紫軾數位決策科技股份有限公司","新竹市東區軍功里建功路5號2樓","",1000000,"0920723","1020131"
350,"80455713","嘉航貿易有限公司","臺中市北屯區瀋陽路三段一五六號一樓","",1000000,"0920805","1020207"
351,"80467106","昌揚有限公司","新北市五股區工商路一三一號二樓","",1000000,"0920820","1020227"
352,"80476034","旻迅有限公司","臺中市潭子區家興里大通街九三巷六二號一樓","",500000,"0920902","1020218"
353,"80484631","拓克路實業有限公司","臺南市安平區國平里建平五街二五五號二樓","",5000000,"0920917","1020207"
354,"80484766","協晟建設有限公司","屏東縣屏東市厚生里四維路70號1樓","",13000000,"0920917","1020221"
355,"80488860","盛達科技股份有限公司","","",0,"0920923","1020225"
356,"80517176","堯盛科技股份有限公司","臺北市士林區文林路488號4樓","",10000000,"0920909","1020227"
357,"80554988","名谷服裝有限公司","新北市土城區中央路3段42號4樓","",5000000,"0920930","1020218"
358,"80564775","宏琪實業有限公司","新北市三重區成功路112號8樓之1","",5000000,"0921014","1020222"
359,"80577785","崎鑫實業有限公司","新北市淡水區中正東路75號1樓","",1000000,"0921030","1020201"
360,"80596559","潤辰有限公司","宜蘭縣五結鄉成興村利興二路26號","",1000000,"0921125","1020204"
361,"80603284","鑫鑫機械有限公司","高雄市鳳山區文學街73號5樓之2","",5000000,"0921204","1020220"
362,"80669243","宏影有限公司","臺北市大同區承德路2段40號7樓","",500000,"0930206","1020221"
363,"80691651","世堯科技有限公司","臺北市中山區長安東路1段16號9樓","",500000,"0930401","1020225"
364,"80734981","翃晟國際企業股份有限公司","新北市新店區百忍街9巷6號1樓","",15000000,"0930323","1020208"
365,"80738537","亞聖數碼科技股份有限公司","新北市樹林區四德街一九號一樓","",1000000,"0930326","1020219"
366,"80738733","合捷企業有限公司","桃園縣桃園市慈文路一一六巷六號","",1000000,"0930326","1020223"
367,"82069548","弘雅家具企業有限公司","高雄市三民區九如2路547號1樓","",6000000,"0680303","1020223"
368,"83394846","金興樂器有限公司","高雄市前金區後金里榮安街98號","",1000000,"0691215","1020221"
369,"83667135","慶東企業有限公司","高雄市左營區重清路278巷1弄29號","",4000000,"0720604","1020226"
370,"84136522","新豐清潔有限公司","桃園縣楊梅市新榮里電研路91巷30號","",1000000,"0820304","1020201"
371,"84149548","思源科技股份有限公司","","",0,"0850202","1020207"
372,"84191030","凱樂企業有限公司","臺中市東區頂峰里大公街114號","",5000000,"0820224","1020221"
373,"84201261","新竹端板股份有限公司","新竹縣湖口鄉中勢村中正路二段一八一號","",15000000,"0820306","1020219"
374,"84206929","堅登工程有限公司","高雄市林園區龔厝里後厝路180巷16弄8號1樓","",1000000,"0820312","1020218"
375,"84241518","金承發企業股份有限公司","臺中市北區雙十路2段101號2樓之5","",6000000,"0820416","1020227"
376,"84275072","博輝實業有限公司","苗栗縣後龍鎮北龍里七鄰中正路一一二號一樓","",5000000,"0820525","1020208"
377,"84309994","威力盟電子股份有限公司","新竹縣湖口鄉中興村光復北路20-1號","黃登輝",1700500000,"0830228","1020225"
378,"84314173","宸世企業有限公司","高雄市鼓山區明誠里明華路243號15樓","",3000000,"0820512","1020223"
379,"84314390","金龍翔起重機械工程有限公司","高雄市苓雅區永泰路29號5樓","",5000000,"0820515","1020128"
380,"84323779","潤昌預力樑有限公司","高雄市苓雅區光華一路206號6樓之6","",5000000,"0820713","1020204"
381,"84332952","京驊室內裝修設計工程股份有限公司","高雄市三民區建德路204巷15弄8之9號1樓","",5000000,"0820917","1020221"
382,"84354759","恩郁電子有限公司","桃園縣蘆竹鄉上興路七四巷一○五號三樓","",5000000,"0820506","1020201"
383,"84408474","普聖實業股份有限公司","彰化縣員林鎮大饒里員集路二段三八六巷一五弄八四號一樓　　","",10500000,"0820622","1020226"
384,"84432571","美俐國際股份有限公司","臺南市安南區海中街七七巷二一號一樓","",7000000,"0820715","1020219"
385,"84499474","鎮聯興業有限公司","臺北市大安區復興南路1段126巷1號5樓之17","",7000000,"0821227","1020221"
386,"84515474","建來股份有限公司","臺中市太平區永豐路永新巷24號1樓","",1000000,"0820805","1020204"
387,"84544111","環亞清潔除蟲有限公司","桃園縣龜山鄉龍壽村自由街二巷七之二號","",5000000,"0820901","1020223"
388,"84560054","郁洋建材有限公司","新竹市新莊里長春街九四號","",5000000,"0820920","1020206"
389,"84577359","元寅企業有限公司","新北市汐止區汐平路二段九號一樓","",2000000,"0821008","1020208"
390,"84644370","陞越企業有限公司","桃園縣中壢市永光里環西路二段300巷7號8樓","",3000000,"0821220","1020205"
391,"84662968","申亞電器工程有限公司","新北市板橋區大觀路二段一二三號","",5000000,"0830112","1020204"
392,"84718787","飛龍消防器材有限公司","高雄市三民區汾陽路27號","",2000000,"0830131","1020218"
393,"84734479","憲承建設有限公司","高雄市苓雅區三多一路151巷28弄34號","",25000000,"0830531","1020201"
394,"84782083","一手文化有限公司","臺北市松山區南京東路3段285號7樓","",2000000,"0830511","1020223"
395,"84793498","柏彥壓送有限公司","臺中市沙鹿區西勢里中清路八七號之一","",500000,"0830305","1020227"
396,"84818575","六本木實業有限公司","臺南市中西區中華東路2段96巷57弄18號1樓","",1000000,"0830401","1020227"
397,"84881611","立引電線工業股份有限公司","臺南市仁德區新田里4鄰新田二街26號","",20000000,"0830523","1020222"
398,"84944854","久中股份有限公司","臺北市大安區延吉街261之1號4樓","",5000000,"0830917","1020226"
399,"84953543","金永潔實業有限公司","新北市板橋區龍泉街99之3號4樓","",1000000,"0830601","1020226"
400,"84992243","聚興昌企業有限公司","雲林縣北港鎮大同路六二六號四樓","",10000000,"0830705","1020207"
401,"85982670","名揚塑膠股份有限公司","高雄市鳳山區瑞興里瑞順街八○號","",6000000,"0740614","1020131"
402,"86025183","上圖企業有限公司","臺北市內湖區成功路4段232號2樓","",5000000,"0800409","1020218"
403,"86052940","慶力企業有限公司","高雄市楠梓區後勁北路134號","",10000000,"0800805","1020130"
404,"86057092","雨線股份有限公司","高雄市岡山區嘉興路371之1號","",5000000,"0800918","1020220"
405,"27913063","錸德國際投資股份有限公司","新北市樹林區樹西里育英街142號2樓","",6000000,"0941007","1020226"
406,"27963008","來雅國際股份有限公司","臺北市中正區忠孝西路1段50號20樓之35","",5000000,"0941024","1020220"
407,"27964175","綠碩室內裝修設計工程股份有限公司","臺北市內湖區民權東路6段136巷33弄3號","",2000000,"0941026","1020206"
408,"27975068","陸發思考科技有限公司","臺北市內湖區陽光街126號","",2000000,"0941128","1020226"
409,"27976067","華文世界音樂出版有限公司","臺北市文山區新光路1段22之2號1樓","",1000000,"0941201","1020220"
410,"27983460","佳葳有限公司","臺北市信義區忠孝東路5段410號16樓之5","",1000000,"0941223","1020201"
411,"27996211","聯和百貨有限公司","臺北市大同區承德路3段129巷8號1樓","",1000000,"0950210","1020222"
412,"27998576","國際泛亞數位媒體股份有限公司","臺北市信義區基隆路2段51號11樓","",69000000,"0950221","1020219"
413,"28001331","茶鈿有限公司","臺北市內湖區成功路5段450巷6號7樓","",1000000,"0950303","1020204"
414,"28037632","奇易食材有限公司","臺南市南區建南里德興路215巷2之1號1樓","",3500000,"0941122","1020206"
415,"28050938","新雅弦樂器有限公司","南投縣竹山鎮大明路575號1樓","",800000,"0941209","1020221"
416,"28073860","建揚工業有限公司","新竹縣湖口鄉長嶺村中平路2段41號1樓","",500000,"0950109","1020218"
417,"28087739","縯全國際傢俱有限公司","基隆市安樂區麥金路136號","",1000000,"0950127","1020206"
418,"28097687","鉌鑫科技貿易股份有限公司","臺南市東區崇德三街10號10樓之3","",1000000,"0950222","1020205"
419,"28099117","庫愛國際有限公司","臺北市士林區重慶北路4段221號1樓","",1000000,"0950223","1020208"
420,"28099876","天晟事業有限公司","臺中市大里區立仁路１５７巷１弄１１０號１樓","",500000,"0950224","1020206"
421,"28102268","全方位服務有限公司","新北市永和區永和路１段１５６號１１樓之５","",3000000,"0950301","1020221"
422,"28109305","貞鈺實業有限公司","新竹市南寮里東大路三段４３９巷２１號","",500000,"0950309","1020206"
423,"28109993","安迪瑞塔國際珠寶有限公司","臺中市南區工學路135號13樓","",5000000,"0950310","1020201"
424,"28120955","景揚消防工程有限公司","臺中市烏日區中華路１２２號","",500000,"0950314","1020227"
425,"28136443","偉泰欽建設有限公司","臺中市大甲區平安里五福街９６號","",9000000,"0950330","1020201"
426,"28137837","巨釧科技有限公司","桃園縣桃園市天祥七街７４號５樓","",500000,"0950331","1020225"
427,"28148567","山井消防機電有限公司","桃園縣中壢市內壢里成功路122巷75弄40號1樓","",1000000,"0950413","1020218"
428,"28158733","亞亮有限公司","嘉義縣水上鄉南和村7鄰南靖64號","",3000000,"0950425","1020207"
429,"28171644","宜辰貿易有限公司","臺北市北投區大業路300巷32號1樓","",500000,"0950407","1020201"
430,"28193181","瑞翔國際聯運有限公司","臺北市中山區長安東路2段171號9樓之4","",7500000,"0950614","1020221"
431,"28197073","暄暉實業有限公司","臺北市萬華區昆明街222號8樓","",2000000,"0950627","1020227"
432,"28198192","大鈺資產管理有限公司","臺中市西屯區龍門路93巷5號","",1000000,"0950630","1020225"
433,"28199832","太盛工程有限公司","臺北市中山區合江街106號1樓","",1000000,"0950706","1020201"
434,"28228442","傑恩服飾開發有限公司","新北市汐止區新台五路1段96號16樓","",1000000,"0951014","1020221"
435,"28285267","德海實業有限公司","高雄市小港區店北路122號","",1000000,"0950628","1020223"
436,"28296139","焌富科技有限公司","高雄市鼓山區明華路337號12樓","",1000000,"0951113","1020219"
437,"28298523","順達欣有限公司","高雄市新興區六合1路80號6樓之1","",1000000,"0951215","1020219"
438,"28303498","慶昇興業有限公司","高雄市鼓山區登山街90巷13號","",3000000,"0960215","1020220"
439,"28311862","霹固工程股份有限公司","臺南市北區文元里文賢三街25號5樓","",6000000,"0950511","1020205"
440,"28325253","唐熙股份有限公司","臺北市中山區林森北路483號2樓","",500000,"0950530","1020207"
441,"28334295","台灣博野國際有限公司","雲林縣斗六市文和路201巷22號1樓","",1000000,"0950612","1020218"
442,"28348024","進德科技有限公司","臺中市太平區太平二十三街22號1樓","",5000000,"0950629","1020226"
443,"28361953","丞國工程有限公司","新北市新店區北宜路1段39巷16弄18號2樓","",5000000,"0950719","1020227"
444,"28381260","立筑企業有限公司","新北市三重區培德里忠孝路2段17號3樓","",1000000,"0950816","1020204"
445,"28385759","壬立科技股份有限公司","新竹縣竹北市竹仁里27鄰仁義路65號1樓","",1000000,"0950822","1020220"
446,"28387665","貴寬有限公司","桃園縣蘆竹鄉南興村奉化路126號2樓","",1000000,"0950824","1020204"
447,"28391577","崐正科技有限公司","桃園縣楊梅市金溪里長青東街162號","",1000000,"0950830","1020218"
448,"28394461","順佳工程有限公司","臺南市麻豆區北勢里北勢寮64之5號","",3000000,"0950904","1020207"
449,"28405283","六二興業股份有限公司","臺南市東區小東里東興路３０９巷１４號","",5000000,"0950921","1020226"
450,"28407418","歐視通企業有限公司","新北市五股區五工一路123號","",10000000,"0950925","1020226"
451,"28407509","翰運廣告有限公司","新北市三重區慈化里碧華街215號","",1000000,"0950925","1020204"
452,"28447143","立鳴國際有限公司","臺北市大安區臥龍街1號5樓之2","",5000000,"0951110","1020219"
453,"28463473","優特健康科技有限公司","新北市汐止區大同路2段125號2樓","",5000000,"0960110","1020227"
454,"28464043","添納股份有限公司","新北市板橋區中正路213號4樓","",3000000,"0960112","1020222"
455,"28474513","斯博生技有限公司","新北市中和區中和路358號8樓","",500000,"0960227","1020201"
456,"28475506","皇朝文物事業有限公司","臺北市中山區市民大道3段59號","",1000000,"0960303","1020201"
457,"28482339","策略學習管理顧問有限公司","臺北市中正區南昌路2段216號11樓","",600000,"0960328","1020207"
458,"28489810","古軒企業有限公司","臺北市大安區金山南路2段145號3樓","",2000000,"0960424","1020227"
459,"28490014","美日晉有限公司","臺北市文山區景興路191號地下1樓","",1000000,"0960425","1020220"
460,"28490555","芫鎧實業有限公司","彰化縣鹿港鎮溝墘里棋盤巷54之3號","",1000000,"0950929","1020219"
461,"28495854","上頡貿易有限公司","彰化縣彰化市泰和路三段480巷2弄7號1樓","",1000000,"0951011","1020131"
462,"28499789","兆妍國際有限公司","新北市新莊區明中街51巷2弄7之2號","",1000000,"0951016","1020201"
463,"28503799","旻岑美容有限公司","新北市板橋區莒光路99號","",1000000,"0951020","1020201"
464,"28521494","佳歷企業有限公司","臺南市南區新昌里永華路1段15號2樓","",1000000,"0951116","1020205"
465,"28528659","晶技自動化有限公司","桃園縣八德市大華里介壽路二段361巷19弄5衖2號","",1000000,"0951128","1020221"
466,"28528715","三宅廣告股份有限公司","新北市林口區文化三路1段447巷52號5樓","",10000000,"0951128","1020218"
467,"28529849","東翔科技股份有限公司","新竹市崇禮里中山路304號","",24000000,"0951129","1020226"
468,"28537741","羅卡樹原住有限公司","新竹縣竹東鎮上館里生產街122號1樓","",500000,"0951211","1020226"
469,"28542110","京品建設有限公司","雲林縣虎尾鎮穎川里15鄰林森路2段423號1樓","",10000000,"0951218","1020220"
470,"28542836","拜耳優得股份有限公司","彰化縣線西鄉寓埔村彰濱東六路8號","",0,"0951219","1020221"
471,"28543151","揚哲事業有限公司","新北市八里區龍源里頂寮二街29之1號","",1000000,"0951219","1020201"
472,"28543244","昕暉有限公司","新北市八里區頂寮二街４３號","",1000000,"0951219","1020201"
473,"28543906","証鴻科技事業有限公司","新北市中和區建康路168號4樓","",5000000,"0951219","1020220"
474,"28564182","佐赫資訊股份有限公司","臺中市北區錦祥街17號1樓","",2000000,"0960119","1020223"
475,"28573823","興盛昌企業有限公司","臺中市東區東福路37號1樓之10","",500000,"0960202","1020223"
476,"28577980","迪威國際企業有限公司","新北市永和區永和路2段16號4樓","",3000000,"0960208","1020221"
477,"28586263","松輔科技有限公司","臺中市北區錦和里三民路三段217號6樓之17","",8000000,"0960301","1020223"
478,"28588620","百堡企業有限公司","基隆市信義區孝賢里深澳坑路6巷282號5樓","",1000000,"0960307","1020220"
479,"28591842","民眾報業股份有限公司","南投縣草屯鎮新豐里13鄰番子田路97巷39號","",5000000,"0960608","1020219"
480,"28611333","首路欣資訊科技股份有限公司","高雄市苓雅區三多4路110號11樓之3","",1500000,"0970324","1020208"
481,"28612776","玄德人力派遣有限公司","高雄市左營區政德路53巷12號1樓","",1000000,"0970410","1020206"
482,"28616724","善鎂生物科技有限公司","高雄市三民區鼎力路401號","",1000000,"0970604","1020201"
483,"28617553","億兆發股份有限公司","嘉義市大雅路一段600-16號1樓","",500000,"0970617","1020223"
484,"28630177","富揚開發建設有限公司","桃園縣桃園市泰成路81巷50號","",1000000,"0960327","1020207"
485,"28635601","子生文創事業有限公司","桃園縣龜山鄉山德村大方新村76號","",2000000,"0960403","1020226"
486,"28637523","旺國企業有限公司","宜蘭縣冬山鄉廣安村廣興路326巷3號1樓","",500000,"0960404","1020206"
487,"28648232","佑錩實業股份有限公司","臺中市烏日區環中路8段600-5號1樓","",20000000,"0960420","1020227"
488,"28664823","美達商實業有限公司","嘉義縣新港鄉大潭村大潭71號","",1000000,"0960514","1020131"
489,"28674688","義卡諾股份有限公司","臺北市中山區建國北路2段9-2號1樓","",17900000,"0960509","1020206"
490,"28713872","鈺鼎科技有限公司","臺北市中山區錦州街30巷11號10樓之15","",1000000,"0961003","1020201"
491,"28723490","東隆高速主軸有限公司","桃園縣大園鄉海口村11鄰海口178號1樓","",4500000,"0960528","1020221"
492,"28731246","睿禾有限公司","桃園縣大園鄉埔心村埔心81-54號1樓","",100000,"0960607","1020223"
493,"28747866","喬韻國際企業有限公司","臺南市北區西門路四段220號4樓","",5000000,"0960703","1020223"
494,"28748653","開心國際開發休閒有限公司","臺北市中山區南京東路2段132號12樓之1、之2","",2500000,"0960704","1020220"
495,"28753732","東炬實業有限公司","臺南市歸仁區大順一街1號8樓之2","",5000000,"0960711","1020226"
496,"28763746","寶沛有限公司","桃園縣大園鄉埔心村埔心81-54號2樓","",100000,"0960725","1020225"
497,"28764061","鑫榆有限公司","桃園縣楊梅市梅溪里中山北路2段82巷1-1號12樓","",100000,"0960726","1020223"
498,"28764359","志懋有限公司","桃園縣桃園市大豐里樹仁一街60巷6號1樓","",100000,"0960726","1020223"
499,"28775686","華立揚工程有限公司","臺北市中正區寧波西街210號","",1000000,"0960813","1020208"
500,"28792720","行善得福有限公司","臺中市北區進化北路２３８號６樓之２","",2000000,"0960912","1020201"
501,"28792952","日振欣業有限公司","臺南市安南區安富里府安路五段162巷49弄8號1樓","",500000,"0960912","1020207"
502,"28806323","山水實業有限公司","新北市八里區大崁里忠孝路383號4樓","",800000,"0961008","1020206"
503,"28809932","百律企業有限公司","桃園縣桃園市南華街77號6樓之1","",500000,"0961015","1020201"
504,"28829819","捷羽育樂有限公司","臺北市松山區塔悠路27號6樓","",5000000,"0961204","1020205"
505,"28876538","芃登國際有限公司","屏東縣屏東市潭漧里廣東路1586巷35弄33號","",500000,"0961109","1020222"
506,"28877115","迅鈿科技有限公司","新北市三重區重新路5段609巷20號7樓","",500000,"0961112","1020201"
507,"28882807","盈傑科技有限公司","高雄市岡山區石潭里石潭北三街26號","",500000,"0961122","1020206"
508,"28891046","遠証有限公司","臺中市西區大忠里五權西路一段257號12樓之2","",5000000,"0961205","1020220"
509,"28896529","願新國際開發有限公司","臺中市沙鹿區鹿寮里中山路安利巷15號1樓","",1000000,"0961214","1020218"
510,"28902971","群宸有限公司","臺北市南港區成福路233號1樓","",3000000,"0961225","1020204"
511,"28918734","立達順企業股份有限公司","彰化縣彰化市磚磘里彰草路201巷16號1樓","",2000000,"0970123","1020222"
512,"28921941","杏典醫學科技有限公司","桃園縣龍潭鄉八德村1鄰聖亭路八德段11巷10號","",500000,"0970129","1020223"
513,"28922651","盈億水電有限公司","新北市蘆洲區復興路340巷2號","",500000,"0970130","1020218"
514,"28926642","惠合建設有限公司","宜蘭縣宜蘭市民族里民權新路62號3樓","",10000000,"0970205","1020225"
515,"28928796","大宏化工有限公司","新北市三重區中山路379號6樓之5","",5000000,"0970215","1020227"
516,"28931173","嘉圻工程有限公司","高雄市鳳山區瑞春街14巷16號6樓","",15000000,"0970222","1020208"
517,"28936775","崴勝油品有限公司","新北市林口區東林里粉寮路1段149號之3","",1000000,"0970304","1020201"
518,"28945232","易學文化事業股份有限公司","臺中市北屯區舊社里北屯路439之17巷28號","",27000000,"0970319","1020227"
519,"28945541","超越國際企業有限公司","雲林縣莿桐鄉埔子村榮村57之6號1樓","",500000,"0970319","1020222"
520,"28964125","約南有限公司","新北市中和區建八路221號13樓","",500000,"0970415","1020227"
521,"29000916","環宇博覽有限公司","高雄市鼓山區明華路273號7樓","",500000,"0970801","1020204"
522,"29001078","凱雷人力仲介有限公司","高雄市前鎮區光華3路173號6樓之2","",5000000,"0970804","1020221"
523,"29006019","旭鈦實業有限公司","高雄市小港區廈莊2街49號1樓","",1000000,"0971022","1020201"
524,"29017851","安得王科技有限公司","高雄市三民區延慶街15號1樓","",500000,"0980505","1020220"
525,"29021145","順環航運股份有限公司","高雄市鼓山區美術東二路269號9樓","",7500000,"0980619","1020208"
526,"29024662","嘉亭資產管理有限公司","高雄市三民區鼎新路76號1樓","",1000000,"0980806","1020205"
527,"29026681","久元管理顧問有限公司","高雄市左營區榮成3街2號1樓","",250000,"0980901","1020220"
528,"29045239","琪城國際開發有限公司","新北市汐止區福山里合順街39巷45號(1樓)","",5000000,"0970716","1020227"
529,"29047911","佶旻實業有限公司","臺北市信義區松山路421號9樓之3","",2000000,"0970725","1020227"
530,"29050437","樂活趣國際事業有限公司","臺北市中山區松江路162號6樓","",3500000,"0970805","1020221"
531,"29074418","卡發國際有限公司","臺北市中正區青島東路6之1號","",500000,"0980702","1020207"
532,"29082297","立盛土木包工業有限公司","屏東縣里港鄉玉田村玉田路38之7號","",3000000,"0970425","1020205"
533,"29088882","雲聖實業有限公司","雲林縣斗六市太平里內環路358號1樓","",10000000,"0970506","1020221"
534,"29094250","易力健實業有限公司","臺南市永康區崑山里國光二街62號1樓","",1000000,"0970515","1020225"
535,"29099564","六太有限公司","嘉義縣太保市太保里太保74之1號1樓","",5000000,"0970523","1020204"
536,"29101034","行動物數位娛樂股份有限公司","臺北市信義區忠孝東路4段560號10樓之2","",3000000,"0970527","1020206"
537,"29109789","台灣力霸鋁業股份有限公司","新竹縣竹北市新港里港安街2段156號1樓","",1000000,"0970610","1020225"
538,"29116965","天德科技開發股份有限公司","臺中市豐原區翁子里豐勢路1段459號","",1000000,"0970624","1020205"
539,"29120145","煌星科技有限公司","基隆市安樂區安一路125號2樓","",1000000,"0970627","1020204"
540,"29129743","悅室有限公司","新北市新莊區中榮街104巷19號4樓","",1000000,"0970714","1020222"
541,"29132418","吉力楊國際股份有限公司","新北市新店區小城里僑愛四路10號地下層","",1500000,"0990114","1020222"
542,"29137259","晶和企業有限公司","臺北市中山區復興北路48號3樓","",1000000,"0990209","1020204"
543,"29141423","油海國際企業有限公司","新北市樹林區光興里光興街151號2樓","",100000,"0990312","1020227"
544,"29142020","班迪國際貿易有限公司","新北市板橋區文化路1段268號21樓","",2000000,"0990316","1020205"
545,"29143219","弘昇管理顧問有限公司","新北市新莊區中平路78號2樓","",5000000,"0990322","1020221"
546,"29145639","欣聯享科技有限公司","新北市土城區金城路3段139巷7號(1樓)","",1000000,"0990330","1020221"
547,"29151619","尚意通訊科技有限公司","新北市新莊區中和街125巷12號","",100000,"0990423","1020201"
548,"29151815","翔于不動產經紀有限公司","新北市樹林區學成路600號","",500000,"0990426","1020227"
549,"29151998","青山專業房屋仲介有限公司","新北市新店區青山路158號(1樓)","",3000000,"0990427","1020225"
550,"29152547","愛玉恬國際有限公司","新北市新莊區新樹路52號","",5000000,"0990428","1020205"
551,"29159416","豪利汽車有限公司","新北市三重區光明里重安街89號（1樓）","",3000000,"0990601","1020218"
552,"29161665","旺慶車業有限公司","新北市中和區景平路259巷39號1樓","",1000000,"0990610","1020201"
553,"29164939","精點通訊有限公司","新北市土城區裕民路28號","",1000000,"0990625","1020227"
554,"29166612","雅鈺國際有限公司","新北市三重區仁化街55號(1樓)","",3000000,"0990629","1020204"
555,"29169337","天泰互動數位股份有限公司","臺北市中正區重慶南路1段57號8樓之2","",5000000,"0990713","1020220"
556,"29172635","相彤有限公司","新北市新莊區新泰路229號15樓之1","",200000,"0990728","1020223"
557,"29174155","大潤發不動產有限公司","新北市三重區福隆里三和路4段95之6號2樓","",500000,"0990804","1020205"
558,"29178384","涵成有限公司","新北市新店區民權路31號14樓","",1000000,"0990826","1020227"
559,"29179118","飛特捷國際運通有限公司","新北市永和區後溪里永和路2段147號3樓之7","",1000000,"0990830","1020219"
560,"29180608","唐卡實業有限公司","新北市三重區三和路3段16巷19號3樓","",500000,"0990906","1020204"
561,"29702825","惠友煤氣有限公司","臺北市士林區大南路293號2樓","",2000000,"0590121","1020201"
562,"31210071","正永企業股份有限公司","新北市三芝區興華里田心子19之3號","",5000000,"0620621","1020207"
563,"33421050","鴻宇工業有限公司","新北市土城區中華路一段七十巷六號","",2000000,"0610627","1020221"
564,"33872694","維豐氣體工業股份有限公司","新北市汐止區環河街196號","",12000000,"0630613","1020220"
565,"34241041","慧山企業股份有限公司","新北市土城區日新街49號","",10000000,"0671122","1020222"
566,"34671196","順嘉鋼鐵有限公司","新北市板橋區中山路二段五○五巷九號四樓","",5000000,"0740301","1020226"
567,"35968287","康歐企業有限公司","新北市中和區連勝街一六三號五樓","",5000000,"0680521","1020227"
568,"36311020","賀丞工業有限公司","新北市三重區中正北路315巷6弄23號","",3000000,"0740206","1020208"
569,"36318874","佳興紙業有限公司","新北市林口區文化二路一段四八六號二樓","",1000000,"0740610","1020208"
570,"43062167","正德美術用品有限公司","桃園縣龜山鄉自強南路225號","",1000000,"0610321","1020205"
571,"44915122","壢聲煤氣有限公司","桃園縣平鎮市大昌路22號","",2200000,"0580828","1020222"
572,"47204027","圓宸科技有限公司","新竹市三民里中華路2段16號","",3000000,"0681001","1020201"
573,"52488761","瑞華塑膠股份有限公司","臺中市太平區德隆里光德路39號","",28000000,"0670921","1020219"
574,"53034325","永旭昌貿易有限公司","基隆市七堵區東新街6巷36-3號","",1000000,"0990429","1020225"
575,"53038286","連洲國際貿易有限公司","臺南市安南區北安路3段396巷50弄17號1樓","",1000000,"0990507","1020131"
576,"53040570","璟鋒汽車材料有限公司","南投縣南投市新興里彰南路三段370巷7號","",500000,"0990512","1020226"
577,"53043181","泰乙開發有限公司","臺中市中區大墩里三民路2段145號6樓之4","",1000000,"0990517","1020221"
578,"53051409","唯良實業有限公司","臺中市龍井區台西南路211號1樓","",7000000,"0990601","1020201"
579,"53052245","吉泰人力資源管理顧問有限公司","桃園縣龜山鄉萬壽路2段1236號2樓","",2000000,"0990602","1020201"
580,"53063572","旭賢顧問有限公司","臺中市南屯區溝墘里大光街267號1樓","",300000,"0990625","1020227"
581,"53064489","北湟管理顧問有限公司","宜蘭縣羅東鎮大新里公正路27號8樓之2、3號","",250000,"0990629","1020219"
582,"53067346","尚晟建設有限公司","宜蘭縣羅東鎮新群里新群北路203巷18號1樓","",5000000,"0990702","1020223"
583,"53071881","竣韋工程有限公司","桃園縣平鎮市新英里環南路二段280號8樓之6","",1000000,"0990713","1020225"
584,"53073255","茂群科技有限公司","新竹縣竹北市鹿場里成功十六街6號6樓之1","",300000,"0990715","1020225"
585,"53076099","倍特數位資訊有限公司","臺南市南區明亮里金華路1段436號1樓","",500000,"0990721","1020219"
586,"53079027","哲昌實業有限公司","臺中市大甲區文武里五福街298巷1號1樓","",1000000,"0990727","1020227"
587,"53085689","台積仁愛不動產經紀有限公司","臺北市大安區安和路1段84號1樓 ","",500000,"0990820","1020221"
588,"53087645","品拓國際有限公司","臺北市萬華區西寧南路70號3樓之10","",500000,"0990827","1020206"
589,"53099945","魔力科技股份有限公司","新北市汐止區忠三街118巷87號","",10000000,"0991014","1020206"
590,"53106713","浩德建設有限公司","臺北市北投區西安街1段281巷15號4樓","",3000000,"0991105","1020220"
591,"53107488","高潤投資股份有限公司","臺北市中山區復興北路48號4樓","",1000000,"0991109","1020205"
592,"53108064","北田光電有限公司","臺北市內湖區陽光街321巷26號5樓之10","",3000000,"0991111","1020208"
593,"53109887","允盛投資顧問股份有限公司","臺北市中山區長安東路2段65號2樓","",20000000,"0991118","1020206"
594,"53112573","傑客有限公司","臺北市萬華區康定路12號4樓","",80000,"0991129","1020201"
595,"53113622","新格式事業有限公司","臺北市中山區中山北路1段83巷32號3樓之2","",1000000,"0991202","1020204"
596,"53116607","成霖不動產經紀有限公司","臺北市中山區中山北路2段125之1號","",500000,"0991213","1020222"
597,"53123902","探索美麗奇蹟股份有限公司","臺北市大安區忠孝東路4段162號12樓","",5000000,"1000110","1020226"
598,"53124803","台日自然食本鋪有限公司","臺北市大同區重慶北路1段49巷18號4樓","",2000000,"1000113","1020201"
599,"53137547","尼爾森創意廣告有限公司","臺中市北屯區水景里東山路一段210巷12弄27-1號","",1000000,"0990812","1020219"
600,"53140374","宇基營造有限公司","雲林縣西螺鎮延平路541-1號1樓","",3000000,"0990818","1020201"
601,"53146807","台灣鼓動藝術有限公司","臺中市北屯區安順東四街3號1樓","",3000000,"0990831","1020219"
602,"53147518","力璿工程有限公司","高雄市林園區港嘴二路151號1樓","",1000000,"0990901","1020131"
603,"53149683","首璽公寓大廈管理維護股份有限公司","臺中市西屯區福林里台中港路3段130-9號","",10000000,"0990906","1020204"
604,"53150251","睿璟國際貿易有限公司","臺中市北屯區平安里漢口路5段39號1樓","",1000000,"0990907","1020222"
605,"53153497","玄人科技有限公司","高雄市橋頭區仕和里三民路72號1樓","",500000,"0990914","1020221"
606,"53167231","忠鈦鑫實業有限公司","臺南市後壁區土溝里土溝92之18號1樓","",1000000,"0991012","1020201"
607,"53170432","碩信科技股份有限公司","新竹市香山區埔前里牛埔東路526巷6號1樓","",3000000,"0991018","1020223"
608,"53184082","米爾發實業有限公司","新北市中和區板南路669號14樓","",10050000,"0991005","1020201"
609,"53184392","無限運算股份有限公司","臺北市士林區承德路4段305號5樓","",4200000,"0991007","1020227"
610,"53195089","國際興科技事業有限公司","新北市板橋區民有街52號","",1000000,"0991129","1020201"
611,"53195243","好享國際食品有限公司","新北市新店區安祥路95號","",3000000,"0991129","1020207"
612,"53197039","伊利達國際行銷有限公司","新北市汐止區北山里康寧街169巷27之1號11樓","",1000000,"0991122","1020204"
613,"53198728","文曲新企業有限公司","新北市土城區延峯街36巷2號2樓","",100000,"0991215","1020220"
614,"53200196","先宸音像有限公司","新北市新莊區中泰里中港一街90之3號","",250000,"0991222","1020226"
615,"53208789","名饗有限公司","新北市中和區安樂路255號11樓","",1000000,"1000131","1020207"
616,"53209751","高鴻光電股份有限公司","新北市林口區東林里工二路1號","顏銘毅",30000000,"1000215","1020205"
617,"53210981","瑞驊實業有限公司","新北市鶯歌區永昌里陽明街2-1號2樓","",500000,"1000223","1020225"
618,"53215607","品茶趣有限公司","新北市土城區裕民路92巷25弄11號","",2000000,"1000315","1020206"
619,"53220279","永盛租賃有限公司","新北市板橋區漢生東路3號(2樓)","",1000000,"1000401","1020207"
620,"53221559","西思設計有限公司","新北市汐止區福德一路342巷3弄5號","",1100000,"1000411","1020201"
621,"53221621","奕含時尚美食有限公司","新北市板橋區中山路1段160之9號","",500000,"1000411","1020221"
622,"53225008","彩將眼鏡有限公司","新北市永和區中和路343號15樓之2","",1000000,"1000422","1020206"
623,"53232541","廣萌企業有限公司","高雄市鳳山區立信街51巷1弄27號1樓","",2000000,"1000113","1020205"
624,"53235821","揚銘國際開發有限公司","高雄市苓雅區建民路160號3樓","",2100000,"1000218","1020201"
625,"53236700","巨家國際行銷開發有限公司","高雄市前鎮區一心2路157號9樓之3","",100000,"1000225","1020205"
626,"53238138","意大貿易有限公司","高雄市苓雅區輔仁路357巷132號12樓之1","",500000,"1000310","1020207"
627,"53242127","琺珀化粧品有限公司","高雄市前鎮區和祥街78號2樓","",100000,"1000414","1020206"
628,"53242267","力成管理顧問有限公司","高雄市路竹區太平路352號1樓","",450000,"1000415","1020222"
629,"53242668","創和國際貿易有限公司","高雄市前鎮區瑞和街196之8號2樓","",5000000,"1000420","1020218"
630,"53254306","芮立國際行銷有限公司","高雄市苓雅區光華一路206號6樓之9","",200000,"1000725","1020208"
631,"53258062","通聯國際有限公司","高雄市鳳山區文學街18巷2弄6之3號","",500000,"1000824","1020219"
632,"53262903","玖發能源開發有限公司","屏東縣麟洛鄉中華路238-2號2樓","",50000,"0991115","1020218"
633,"53263017","玖大能源開發有限公司","屏東縣麟洛鄉中華路238-2號2樓","",50000,"0991115","1020218"
634,"53265660","玖太能源開發有限公司","屏東縣麟洛鄉中華路238-2號3樓","",50000,"0991119","1020218"
635,"53265866","玖達能源開發有限公司","屏東縣麟洛鄉中華路238-2號3樓","",50000,"0991119","1020218"
636,"53275323","联合達人力派遣有限公司","臺中市西區吉龍里五權五街151號6樓之4","",350000,"0991209","1020219"
637,"53283029","紳緯機械有限公司","臺中市大雅區西寶里西村路3號1樓","",1000000,"0991224","1020205"
638,"53290062","星喬通信有限公司","南投縣南投市平和里民族路31號","",1000000,"1000110","1020226"
639,"53294840","仁得國際有限公司","桃園縣龜山鄉楓樹村楓樹二街9巷1號3樓","",3000000,"1000119","1020201"
640,"53296642","廣承豐精密機械有限公司","彰化縣芬園鄉圳墘村碧園路一段399巷8號1樓","",600000,"1000121","1020227"
641,"53296805","高登文教科技有限公司","臺中市中區綠川里雙十路一段1號3樓之1","",1000000,"1000121","1020225"
642,"53298212","皓宇精密科技有限公司","新竹縣竹北市縣政三街29號3樓","",3000000,"1000125","1020208"
643,"53299964","長通營造工程有限公司","嘉義縣水上鄉粗溪村15鄰粗溪20之190號1樓","",3000000,"1000127","1020206"
644,"53302927","永振工程技術顧問有限公司","臺中市太平區宜佳里宜佳街30巷11弄8號3樓","",1000000,"1000210","1020206"
645,"53304306","揚鱻漁產有限公司","桃園縣中壢市洽溪里民權路4段557巷3號1樓","",200000,"1000215","1020220"
646,"53314992","神話醫美有限公司","臺北市大安區復興南路1段259號8樓之1","",1000000,"1000225","1020222"
647,"53318337","樂的有限公司","臺北市中山區長安西路19巷35號(1樓)","",750000,"1000310","1020220"
648,"53321608","立成機車材料有限公司","臺北市信義區忠孝東路5段524巷1弄6號","",200000,"1000321","1020201"
649,"53321972","積利投資有限公司","臺北市中正區新生南路1段50號2樓之5","",5000000,"1000321","1020207"
650,"53322466","統順生物科技有限公司","臺北市松山區南京東路4段256樓6樓","",10000000,"1000322","1020208"
651,"53328187","高晟光電股份有限公司","臺北市內湖區瑞光路210號9樓","顏銘毅",20000000,"1000411","1020205"
652,"53328623","布丁娛樂有限公司","臺北市大安區和平東路3段10號7樓","",200000,"1000412","1020204"
653,"53331232","日新知識與科技管理顧問股份有限公司","","",0,"1000420","1020208"
654,"53334630","京玖運有限公司","臺北市松山區南京東路5段123巷4弄7號(1樓)","",5000000,"1000502","1020208"
655,"53335238","鋰子動能科技股份有限公司","臺南市安南區工業二路31號研二館405室","",18440000,"1000503","1020221"
656,"53348536","嘉裳有限公司","臺北市信義區忠孝東路5段252號1樓","",1000000,"1000614","1020225"
657,"53363917","日鼎鋼鐵有限公司","桃園縣中壢市興國里中豐路177號1樓","",3000000,"1000308","1020204"
658,"53373204","誠群國際有限公司","新竹縣竹北市竹仁里仁義路62號5樓","",1000000,"1000324","1020227"
659,"53375982","程恩科技股份有限公司","新竹市公園里5鄰光復路2段539號5樓之2","",1000000,"1000329","1020225"
660,"53381648","友良國際開發有限公司","臺中市南屯區中和里黎明路1段173巷58號1樓","",1000000,"1000411","1020220"
661,"53383152","于珊科技有限公司","新竹市客雅里延平路一段261巷14弄6號","",500000,"1000413","1020227"
662,"53385530","晶圓貿易有限公司","桃園縣楊梅市光裕北街11號","",1000000,"1000418","1020221"
663,"53389677","品宙食品有限公司","新竹市復中里錦華街6號1樓","",1000000,"1000425","1020206"
664,"53393291","禾展龍企業有限公司","臺南市安南區海佃里國安街156巷58弄5號1樓","",2100000,"1000429","1020206"
665,"53400309","鴻霆科技有限公司","新竹縣竹北市斗崙里光明一路373號3樓","",300000,"1000513","1020221"
666,"53405584","淞一塑膠有限公司","彰化縣員林鎮南興里南潭路119巷22弄16號","",5000000,"1000523","1020201"
667,"53409300","嘉貿國際貿易有限公司","新北市中和區壽南里南山路483之2號","",200000,"1000516","1020201"
668,"53410799","雙英國際有限公司","新北市中和區中正路4號(1樓)","",2000000,"1000520","1020225"
669,"53415725","艾蔓蒂有限公司","新北市蘆洲區集賢路368巷5號9樓","",300000,"1000615","1020227"
670,"53420608","京河科技有限公司","新北市中和區連城路258號9樓之6","",1500000,"1000705","1020219"
671,"53423696","泰好吃有限公司","新北市樹林區佳園路3段538號","",750000,"1000719","1020226"
672,"53426645","沛緹斯國際股份有限公司","新北市新店區僑信路50巷20號(2樓)","",500000,"1000729","1020223"
673,"53437312","境美建設股份有限公司","新北市中和區圓通路367巷20弄9號","",5000000,"1000919","1020219"
674,"53450052","宗來國際實業有限公司","新北市三重區安慶街297巷3弄5號4樓","",2000000,"1000929","1020227"
675,"53455471","易達國際資訊有限公司","新北市新店區安和路3段77號2樓","",100000,"1001027","1020218"
676,"53456197","亞嵐有限公司","新北市三重區重新路5段609巷2號地下一層","",500000,"1001031","1020206"
677,"53457463","金悅軒冷凍食品有限公司","新北市樹林區山佳里新興街57之1號(1樓)","",5000000,"1001107","1020204"
678,"53458435","蘭朵有限公司","新北市板橋區和平路安樂巷34號8樓","",100000,"1001111","1020220"
679,"53460798","祥新機械有限公司","新北市板橋區僑中二街104巷31之2號","",1000000,"1001124","1020201"
680,"53462260","雷客國際有限公司","新北市板橋區松柏里松柏街12之1號","",5000000,"1001202","1020219"
681,"53468721","聯開工程有限公司","新北市汐止區康寧街521號","",5000000,"1010106","1020225"
682,"53469094","博飛特貿易有限公司","新北市板橋區金門街369巷29號(1樓)","",1000000,"1010110","1020218"
683,"53475531","仕紘實業有限公司","臺中市南區工學里文心南十路115巷2號12樓之2","",500000,"1000613","1020208"
684,"53481148","威盛祭祀用品有限公司","臺中市西區民生里民權路211-5號4樓之4","",300000,"1000622","1020205"
685,"53489514","岩圓礦業有限公司","花蓮縣花蓮市民政里中興路227號1樓","",1000000,"1000707","1020219"
686,"53491531","雨夜花視聽歌唱有限公司","臺中市北區健行里大雅路227號1-3樓","",200000,"1000712","1020220"
687,"53492428","創彙國際有限公司","新竹市高翠路277巷4弄43號3樓","",1000000,"1000713","1020205"
688,"53496775","永蓮實業有限公司","臺中市東區東英二街148號1樓","",3000000,"1000721","1020220"
689,"53500308","京嶸小客車租賃有限公司","桃園縣龜山鄉大湖村文化三路33號10樓","",5000000,"1000728","1020219"
690,"53504374","靖剛有限公司","臺南市麻豆區新建里中山路96號1樓","",250000,"1000804","1020201"
691,"53515040","荷比開發建設有限公司","臺中市潭子區福仁里12鄰圓通南路87號1樓","",5000000,"1000826","1020223"
692,"53517053","賽瑞國際質量認證有限公司","臺中市西區中興里公益路130號3樓","",200000,"1000831","1020201"
693,"53519073","卓月創意設計有限公司","臺中市南屯區大墩十街300號7樓之1","",5000000,"1000905","1020201"
694,"53519480","聿山國際有限公司","臺北市萬華區萬大路423巷32弄11號11樓","",1000000,"1000719","1020204"
695,"53523273","優快股份有限公司","臺北市中山區南京東路3段189號10樓","",2100000,"1000801","1020205"
696,"53523560","沃豐股份有限公司","臺北市南港區重陽路10號","",200000,"1000801","1020225"
697,"53525173","大加國際開發有限公司","臺北市士林區基河路238號4樓之10","",200000,"1000805","1020219"
698,"53536501","興橙貿易有限公司","臺北市北投區裕民六路21號5樓","",359100,"1000916","1020206"
699,"53536642","百傑投資有限公司","臺北市內湖區陽光街161巷1弄6號3樓","",250000,"1000916","1020207"
700,"53539866","台北淵泉有限公司","臺北市中山區南京東路2段137號8樓","",2000000,"1000928","1020201"
701,"53547893","塔琇佛教文物有限公司","臺北市士林區忠誠路1段104號1樓","",1000000,"1001021","1020226"
702,"53552749","雲端國際科技有限公司","臺北市信義區松德路65號11樓之2","",1000000,"1001108","1020208"
703,"53557006","嵩泰科技股份有限公司","臺北市信義區忠孝東路4段560號10樓","",1000000,"1001123","1020220"
704,"53557322","金佰達國際有限公司","臺北市內湖區舊宗路1段2號","",300000,"1001124","1020227"
705,"53557667","長廣深企業有限公司","臺北市萬華區成都路96號8樓之7","",500000,"1001125","1020205"
706,"53563083","采鑫藝術有限公司","臺北市大安區大安路1段126巷8號1樓","",300000,"1001215","1020221"
707,"53564371","寶島昂生文化創意有限公司","臺北市內湖區石潭路27號3樓","",1000000,"1001220","1020223"
708,"53573940","九飫餐飲企業有限公司","高雄市前金區自強一路88號1、2樓","",200000,"1001021","1020201"
709,"53576550","優奧國際文教股份有限公司","高雄市新興區中山一路263號4樓之3","",1000000,"1001116","1020204"
710,"53577164","信灃水產股份有限公司","高雄市苓雅區光華一路80巷3弄3號1樓","",5000000,"1001122","1020207"
711,"53578804","瑪歌玫瑰生醫科技有限公司","高雄市左營區重清路47號2樓","",100000,"1001207","1020225"
712,"53581168","女人最大有限公司","高雄市三民區大福街40巷66號","",150000,"1001229","1020207"
713,"53597056","沛亞科技有限公司","高雄市左營區光興街177巷52號12樓","",1000000,"1010523","1020223"
714,"53597252","台灣永和豆漿股份有限公司","高雄市三民區義和路62巷2號4樓","",100000,"1010524","1020204"
715,"53599842","行運國際貿易有限公司","臺中市北屯區松茂里松義街107號3樓","",500000,"1000906","1020131"
716,"53605801","商麗歐貿易有限公司","臺南市北區中華北路一段181巷62號1樓","",2000000,"1000920","1020204"
717,"53611677","可成貿易有限公司","宜蘭縣宜蘭市東村里校舍路29巷88弄1號6樓","",1000000,"1000930","1020226"
718,"53614689","海派酒店有限公司","桃園縣楊梅市新農街6號3樓","",200000,"1001006","1020207"
719,"53617519","冠豫股份有限公司","新竹縣竹北市溪州里溪州路195巷8號","",6500000,"1001013","1020227"
720,"53620541","元溱股份有限公司","臺中市南區永興里工學一街190號1樓","",350000,"1001019","1020227"
721,"53621534","幃為珍企業有限公司","臺中市沙鹿區埔子里正義路380號1樓","",1500000,"1001021","1020206"
722,"53622610","柏鉅生物科技有限公司","臺中市西區精誠九街16巷28號1樓","",300000,"1001025","1020219"
723,"53627170","聯宬實業有限公司","桃園縣桃園市寶山里寶山街189號5樓","",200000,"1001102","1020206"
724,"53633519","人民心聲報股份有限公司","桃園縣中壢市環北路398號16樓之2","",380000,"1001116","1020223"
725,"53636142","鑫富發國際企業有限公司","南投縣埔里鎮枇杷里青田二街62號1樓","",100000,"1001123","1020225"
726,"53640722","至翔科技有限公司","臺南市仁德區保安里保安路一段39號1樓","",1000000,"1001201","1020218"
727,"53683783","明佳企業有限公司","新北市板橋區民生路2段226巷31弄1號1樓","",220000,"1010213","1020220"
728,"53683799","詠邦興業股份有限公司","新北市新店區忠孝里復興路30號3樓","",1200000,"1010213","1020225"
729,"53684946","匯泓企業有限公司","新北市三重區光田里重陽路1段130巷16號2樓","",10000,"1010217","1020225"
730,"53685570","濟樂企業有限公司","新北市板橋區新海路86.88號","",1000000,"1010221","1020201"
731,"53689983","群億管理顧問有限公司","新北市板橋區文化路1段268號5樓之1","",1000000,"1010312","1020206"
732,"53697273","永達消防工程有限公司","新北市板橋區貴興路18號3樓","",1000000,"1010412","1020201"
733,"53699103","宏謚科技股份有限公司","新北市林口區文化三路2段211巷151號2樓","",5000000,"1010420","1020206"
734,"53700690","小粒籽資訊有限公司","新北市板橋區崑崙里大觀路3段212巷18號","",200000,"1010427","1020226"
735,"53701939","宏勝有限公司","新北市新店區中興里檳榔路128號","",3000000,"1010503","1020222"
736,"53704990","汎宇工程有限公司","新北市永和區秀朗路2段148巷3弄1號","",2000000,"1010516","1020225"
737,"53707027","麗鼎工程事業股份有限公司","新北市三重區重新路3段72號12樓","",5000000,"1010525","1020227"
738,"53708601","威絲頓服飾有限公司","新北市中和區景平路308號4樓之1","",1000000,"1010604","1020206"
739,"53710769","貝赫科技股份有限公司","新北市板橋區三民路2段37號26樓之3","",5000000,"1010614","1020220"
740,"53713560","星星知我心傳播有限公司","新北市板橋區滿翠里民生路3段217號3樓","",200000,"1010626","1020201"
741,"53713843","禹承有限公司","新北市泰山區仁義路165號6樓","",50000,"1010627","1020223"
742,"53721549","康威寶國際股份有限公司","新北市中和區中正路700號8樓之8","",20000000,"1010806","1020201"
743,"53722300","莎莉家事服務有限公司","新北市新店區福德里中央路75號1樓","",500000,"1010809","1020223"
744,"53725860","特價王行銷股份有限公司","新北市五股區成泰路2段208號(3樓)","",4550000,"1010827","1020201"
745,"53734523","杰鑫企業有限公司","臺北市中山區新生北路1段83號2樓","",500000,"1010203","1020226"
746,"53738035","科林國際有限公司","臺北市信義區基隆路2段15號10樓","",500000,"1010217","1020220"
747,"53742306","百年好合銷售有限公司","臺北市信義區松德路65號11樓之2","",200000,"1010305","1020226"
748,"53747935","德惠創意行銷有限公司","臺北市中山區民生東路1段29號6樓之5","",1000000,"1010320","1020221"
749,"53748147","吉嘉客國際有限公司","臺北市松山區南京東路5段16號9樓之3","",1000000,"1010321","1020225"
750,"53750071","志光地產開發股份有限公司","臺北市松山區長春路422號2樓","",3000000,"1010327","1020222"
751,"53752042","茶藝網資訊有限公司","臺北市信義區松德路65號11樓之2","",1000000,"1010402","1020222"
752,"53757807","環聯國際股份有限公司","臺北市中山區復興北路156號3樓","",10000000,"1010419","1020225"
753,"53765779","永順國際精品有限公司","臺北市中山區南京東路1段86號10樓","",1000000,"1010516","1020220"
754,"53769557","英捷廣告行銷有限公司","臺北市內湖區文德路210巷30弄6號1樓","",4000000,"1010529","1020207"
755,"53774881","瑄逸餐飲有限公司","臺北市松山區健康路325巷18弄7號1樓","",3000000,"1010615","1020208"
756,"53778182","富康生活管理顧問有限公司","桃園縣中壢市中山路146號6樓","",2000000,"1010626","1020226"
757,"53779921","馨峰國際貿易有限公司","臺南市安南區安中路一段639巷80弄30號1樓","",50000,"1001221","1020131"
758,"53784396","掄元開發股份有限公司","新竹市育德街109號5樓","",10000000,"1001230","1020204"
759,"53785803","華杏管理顧問有限公司","宜蘭縣宜蘭市神農里中山路二段301號1樓","",3000000,"1010103","1020219"
760,"53791729","云景有限公司","臺南市北區安民里成功路388號6樓之6","",500000,"1010116","1020225"
761,"53795393","柏擁桂有限公司","桃園縣桃園市國際路二段2號3F","",100000,"1010131","1020201"
762,"53796490","愛加倍英語顧問有限公司","臺中市西屯區東大路1段18號1樓","",300000,"1010203","1020207"
763,"53799068","詮宏股份有限公司","新竹縣竹北市縣政九路159號4樓","",30000000,"1010210","1020201"
764,"53801590","蜀都餐飲股份有限公司","臺南市東區崇學里中華東路3段268-3號1樓","",1500000,"1010215","1020204"
765,"53801698","崇智實業有限公司","臺中市北屯區崇德十路一段562號1樓","",5000000,"1010216","1020221"
766,"53805202","凌一國際物流股份有限公司","新竹縣竹北市復興一街251號12樓之5","",5000000,"1010223","1020219"
767,"53807010","象牌食品有限公司","桃園縣中壢市忠義里忠義路24巷1號","",1000000,"1010229","1020208"
768,"53813202","台灣九香茶業有限公司","臺中市北屯區軍功里東山路一段289之12號1樓","",1000000,"1010312","1020226"
769,"53814217","巨康國際有限公司","臺中市北屯區和平里軍和街255號1樓","",3000000,"1010313","1020201"
770,"53815095","合崧科技有限公司","臺中市南屯區大業里大墩十四街188號3樓及190號3樓","",2000000,"1010314","1020227"
771,"53825283","友順利有限公司","臺中市南屯區黎明路一段81號1樓","",100000,"1010330","1020227"
772,"53826488","台研生物科技股份有限公司","臺中市西屯區何仁里文心路三段296號9樓","",2000000,"1010403","1020207"
773,"53828036","采芝豐生技有限公司","桃園縣中壢市忠福里南園二路258號1樓","",5000000,"1010405","1020221"
774,"53828612","自然德有限公司","雲林縣林內鄉重興村重興60號1樓","",1000000,"1010406","1020205"
775,"53831882","億成五金有限公司","嘉義市西區劉厝里劉厝路455號1樓","",200000,"1010412","1020226"
776,"53836227","品雋國際有限公司","臺南市東區文化三街6-5號1樓","",2000000,"1010420","1020222"
777,"53841657","懿豐實業有限公司","桃園縣中壢市中央西路1段78號2樓","",8000000,"1010502","1020205"
778,"53842115","全球光電科技有限公司","宜蘭縣礁溪鄉吳沙村礁溪路一段337號一樓","",5000000,"1010503","1020208"
779,"53845083","翼光科技有限公司","臺中市北區明德里忠明路211號4樓之4","",1000000,"1010507","1020220"
780,"53847478","閃亮之星視聽有限公司","桃園縣平鎮市新勢里中原路145號","",50000,"1010511","1020225"
781,"53848125","福氣永生園股份有限公司","雲林縣斗六市信義里中山路6-62號","",26000000,"1010514","1020221"
782,"53852773","楊太極實業有限公司","臺南市新營區民權里民權路96之13號一樓","",1650000,"1010522","1020204"
783,"53858050","森河實業有限公司","桃園縣中壢市中原里信義路7號1樓","",150000,"1010601","1020221"
784,"53879800","一方機電有限公司","高雄市楠梓區經建路5之1巷13號1樓","",500000,"1010613","1020220"
785,"53881550","愛笛聲聯邦電子科技有限公司","高雄市林園區林園南路81號1樓","",1000000,"1010628","1020201"
786,"53885177","安康兒有限公司","高雄市湖內區東方路96號","",1000000,"1010803","1020205"
787,"53900563","佛羅倫斯實業有限公司","高雄市前金區民生二路89號9樓","",1000000,"1011225","1020205"
788,"53901057","台灣光端科技有限公司","高雄市三民區永吉街114號1樓","",1000000,"1011228","1020204"
789,"53913716","鼎禾科技有限公司","臺北市信義區基隆路1段155號5樓之9","",100000,"1010713","1020204"
790,"53928197","阿生停車場有限公司","臺北市北投區杏林三路81號2樓","",100000,"1010903","1020225"
791,"53929246","廣樂興國際有限公司","臺北市大安區安和路2段7號8樓之1","",10000000,"1010906","1020204"
792,"53929935","百勝行銷有限公司","臺北市大同區長安西路205號3樓","",1000000,"1010907","1020201"
793,"53931708","前景興業股份有限公司","臺北市中正區許昌街42之1號10樓","",3000000,"1010914","1020201"
794,"53938012","瑞鋒生活事業有限公司","臺北市萬華區萬大路169號1樓","",500000,"1011004","1020226"
795,"53941874","天時數位科技有限公司","臺北市大同區涼州街2號14樓之3","",500000,"1011018","1020227"
796,"53949741","仲悅實業有限公司","臺北市中山區中山北路1段53巷20號7樓之4","",1000000,"1011109","1020227"
797,"53969979","矽谷金屬有限公司","宜蘭縣羅東鎮東安里光榮路495號10樓之1","",1000000,"1010809","1020201"
798,"53971525","頂尖顧問股份有限公司","新竹市東區關東里光復路一段104號","",5000000,"1010813","1020205"
799,"53990683","能仁堂生物科技有限公司","臺中市潭子區民族路一段168-10號","",1000000,"1010928","1020223"
800,"53992253","金翃龍有限公司","花蓮縣吉安鄉宜昌村中山路二段32-1號","",100000,"1011003","1020208"
801,"54003187","金鴻彰有限公司","彰化縣花壇鄉白沙村2鄰虎山街358號","",600000,"1011030","1020201"
802,"54008401","兆昇數位科技股份有限公司","嘉義市西區興業西路473號","",100000,"1011112","1020221"
803,"54011503","志益資源回收有限公司","新北市樹林區東陽里東榮街91巷4弄2號","",500000,"1010925","1020207"
804,"54012165","亨鈞科技有限公司","新北市三峽區介壽路1段318巷11號","",2000000,"1010927","1020201"
805,"54013360","茂菘國際有限公司","新北市三重區五華街13巷16號","",1000000,"1011003","1020227"
806,"54013559","博聲聽語科技有限公司","新北市三重區三安里三和路3段76號1樓","",2500000,"1011004","1020226"
807,"54015141","禾吉移動有限公司","新北市五股區御史路1巷63號7樓","",400000,"1011012","1020207"
808,"54017345","登茂生技有限公司","新北市永和區秀朗路2段279號","",600000,"1011024","1020226"
809,"54018127","恩捷有限公司","新北市永和區永安里永貞路149號2樓","",1000000,"1011029","1020227"
810,"54022157","好樣有限公司","新北市中和區華新街109巷11弄2之10號3樓","",500000,"1011115","1020227"
811,"54026077","華盈光電股份有限公司","高雄市鼓山區明誠三路685號2樓","",10000000,"1011205","1020219"
812,"54030889","佑達生鮮蔬果有限公司","新北市中和區興南路2段34巷75號4樓","",500000,"1011228","1020219"
813,"54033507","宇亭興業有限公司","新北市樹林區育英里文化街10巷3號","",1000000,"1020111","1020218"
814,"54034822","開廣工程有限公司","新北市三重區光明里集美街261號","",500000,"1020117","1020222"
815,"54035358","台政汽車股份有限公司","新北市三重區重新路5段525號","",5600000,"1020121","1020220"
816,"54062045","原豪五金有限公司","臺南市仁德區仁義里中清路155巷1號1樓","",250000,"1010830","1020222"
817,"54062381","仰生籃球國際有限公司","臺南市新營區忠政里中正路53之2號6樓之3","",1000000,"1010907","1020219"
818,"54096853","日康生活有限公司","桃園縣桃園市南華里南華街77號4樓","",1000000,"1011203","1020201"
819,"54108062","先拓有限公司","桃園縣大溪鎮仁善里松樹21-3號","",8000000,"1011226","1020219"
820,"54140056","食尚曼谷餐飲有限公司","臺北市中山區錦州街356號2樓","",1000000,"1011217","1020221"
821,"54151927","鴻理國際有限公司","臺北市中正區重慶南路1段57號14樓之9","",360000,"1011225","1020225"
822,"54161100","杰瀅有限公司","臺北市松山區復興南路1段43號2樓","",500000,"1010412","1020223"
823,"54162277","三煒工程有限公司","臺北市文山區辛亥路4段101巷14號1樓","",500000,"1020131","1020207"
824,"58009752","彰益貿易有限公司","臺中市南區復興路三段一○五｜八號","",1000000,"0590922","1020223"
825,"58011716","李服裝工業股份有限公司","彰化縣彰化市陽明里三民路四○六號","",10800000,"0591111","1020219"
826,"68035809","三東興電企業股份有限公司","臺南市東區和平里文化二街2巷13號1樓","",2240000,"0520308","1020107"
827,"69598664","晁裕實業有限公司","臺南市南區興南街三三八號","",5000000,"0680903","1020201"
828,"69675958","昇林企業股份有限公司","臺南市東區崇學路142巷10弄1號","",10000000,"0700602","1020220"
829,"70359959","鎧睿實業有限公司","臺北市中山區松江路152號7樓之9","",5000000,"0880510","1020225"
830,"70386338","千順投資股份有限公司","臺北市中山區民生東路2段176號3樓","",3000000,"0880728","1020222"
831,"70414658","中環集成股份有限公司","高雄市左營區新莊1路135號26樓之1","",30000000,"0891113","1020225"
832,"70426583","瑞全水電工程有限公司","高雄市三民區九如一路901號","",1000000,"0920522","1020131"
833,"70428885","鉅達奈米生化有限公司","高雄市左營區菜公里文瑞路7號1樓","",3000000,"0920618","1020204"
834,"70431657","巧奇得企業有限公司","高雄市三民區建國二路2號11樓之1","",500000,"0920721","1020204"
835,"70468892","科健國際股份有限公司","臺北市中山區樂群二路109號7樓之1","",5000000,"0890105","1020207"
836,"70559529","塑基興業有限公司","臺北市文山區興隆路1段143號","",1000000,"0890512","1020227"
837,"70612025","日騰倉儲有限公司","高雄市路竹區中和街27巷2號","",1000000,"0890731","1020206"
838,"70648902","富麗隆有限公司","澎湖縣馬公市中興路四四號","",1000000,"0881027","1020204"
839,"70669933","昌訊實業有限公司","新北市新莊區仁愛里福樂街118巷1弄18號4樓","",5000000,"0881202","1020218"
840,"70684499","至聖家具股份有限公司","臺中市南屯區文心路一段421號1樓","",7000000,"0881229","1020227"
841,"70689157","偉庭國際有限公司","新北市板橋區三民路二段卅三號四樓","",5000000,"0890110","1020205"
842,"72041888","億峰石材工業有限公司","臺南市善化區光文里五鄰北子店二七一號","",2000000,"0660307","1020207"
843,"73231730","角冠頭齒輪廠股份有限公司","臺南市永康區網寮里永二街三九三巷一二號","",5000000,"0550921","1020227"
844,"76441180","日婷貿易有限公司","高雄市苓雅區海邊路48號7樓之7","",12000000,"0730814","1020208"
845,"79398118","通順報關有限公司","高雄市鼓山區麗雄街74號","",1000000,"0570717","1020226"
846,"79827130","喬揚企業有限公司","高雄市前金區博孝里光復二街189號","",1000000,"0680629","1020226"
847,"79960853","禾蒲實業有限公司","臺中市北區長青里陝西七街二號一樓","",1000000,"0910516","1020225"
848,"79964393","麒豐貿易有限公司","彰化縣田中鎮新民里公園街二四三號","",5000000,"0910521","1020227"
849,"80010867","嘉能實業有限公司","臺中市北屯區瀋陽路3段156號1樓","",1000000,"0920314","1020205"
850,"80015912","元富醫療器材有限公司","臺北市中正區羅斯福路2段70號4樓之9","",9000000,"0920321","1020226"
851,"80051389","甲翊有限公司","臺中市西屯區台中港路三段8之1號1樓　","",500000,"0911002","1020219"
852,"80107285","棋盛股份有限公司","桃園縣龍潭鄉高原村渴望路428號","",3000000,"0911224","1020221"
853,"80118712","大鎣國際投資股份有限公司","新北市中和區景平路六六六號二樓","",1000000,"0920110","1020227"
854,"80120816","台灣福野興業有限公司","臺中市潭子區安和路５１巷２號１樓","",1800000,"0920114","1020205"
855,"80123813","保賜康貿易有限公司","臺南市永康區五王里成功路172巷8弄20號1樓","",3000000,"0920120","1020204"
856,"80130856","九鼎醫院管理顧問有限公司","臺中市北區健行里忠明路424號地下1層之2","",10000000,"0920128","1020206"
857,"80144937","天使環保科技股份有限公司","臺中市北區大雅路六○二號二樓","",1000000,"0920226","1020208"
858,"80148976","千範有限公司","臺北市松山區南京東路5段123巷2弄17號1樓","",5000000,"0911227","1020221"
859,"80152400","英特諾企業有限公司","臺北市信義區忠孝東路5段1之1號11樓","",5000000,"0920110","1020222"
860,"80178458","華英書局股份有限公司","臺北市大安區新生南路2段30巷1之3號1樓","",5000000,"0920407","1020219"
861,"80201346","安訊全球有限公司","桃園縣中壢市中園路22號15樓之20","",1000000,"0920611","1020204"
862,"80214877","光伸科技股份有限公司","桃園縣桃園市新埔六街95號4樓","",1000000,"0910722","1020223"
863,"80215897","智暘生物科技股份有限公司","新竹市頂福里中山路706巷6號","",10000000,"0910723","1020208"
864,"80217327","歐風創意有限公司","新北市中和區大智街七九號","",500000,"0910725","1020223"
865,"80262568","群倚股份有限公司","臺北市南港區成功路1段38號5樓","",10000000,"0910806","1020205"
866,"80264806","崇友人力仲介有限公司","臺北市大安區復興南路2段86號4樓之1","",5000000,"0910812","1020219"
867,"80291819","吉廣通訊有限公司","臺北市松山區八德路3段115號4樓","",3000000,"0911031","1020223"
868,"80300649","凱仕達科技股份有限公司","新北市淡水區鄧公里中正東路51巷2號","",12000000,"0911128","1020201"
869,"97159568","東鳴實業有限公司","高雄市前鎮區一心一路243號5樓之4","",6000000,"0860520","1020225"
870,"97249013","芳泉有限公司","屏東縣屏東市自由路三六四號","",500000,"0851028","1020220"
871,"97253199","和益電子有限公司","嘉義市東區後湖里保忠三街27巷68號","",1000000,"0851101","1020221"
872,"97259089","安一消防工程有限公司","臺南市新化區信義路一三一巷一○八號","",3000000,"0851109","1020201"
873,"97328516","智康實業有限公司","臺北市中山區吉林路14巷18-1號5樓","",5000000,"0860305","1020227"
874,"97348267","資昱電機有限公司","新北市板橋區長安街一三八巷一弄三一二號","",2000000,"0851227","1020204"
875,"97363007","三富裝潢有限公司","臺北市松山區八德路3段225號11樓之4","",5000000,"0860118","1020220"
876,"97364505","得麥食品原料股份有限公司","新北市五股區五權五路31號","",50000000,"0860121","1020207"
877,"97368642","中華職能研究發展有限公司","臺南市東區林森路1段149號6樓之10","",3000000,"0860125","1020131"
878,"97407146","圓圓圓房屋仲介有限公司","新北市樹林區中華路一一九號一樓","",1000000,"0860325","1020225"
879,"97435017","逸欣股份有限公司","臺北市中山區吉林路218巷19號2樓","",2750000,"0860324","1020207"
880,"97441432","偉翔裝璜工程有限公司","臺北市南港區福德街350號1樓","",5000000,"0860410","1020222"
881,"97457291","芳崧企業有限公司","臺北市中山區長春路40號8樓之7","",1000000,"0860519","1020226"
882,"97463511","久宏昌貿易股份有限公司","臺北市中山區北安路589號6樓","",10000000,"0860602","1020222"
883,"97499644","夆全企業有限公司","嘉義縣民雄鄉中樂村文化路3號之6","",2700000,"0860512","1020201"
884,"86070503","力固美機械工業有限公司","臺中市豐原區南陽里南陽路三○一巷三八弄六號","",5000000,"0800206","1020204"
885,"86104898","瑞隆起重工程有限公司","新北市三重區五華街92巷14號3樓","",10000000,"0800412","1020201"
886,"86138004","卓群企業有限公司","臺北市大安區忠孝東路3段303號5樓之6","",1000000,"0800603","1020201"
887,"86147658","韋登科技有限公司","臺北市大安區安和路2段81號5樓之1","陳學筠",5000000,"0800625","1020226"
888,"86188025","由申甲食品有限公司","桃園縣中壢市普仁里日新路82、84號","",3000000,"0800516","1020225"
889,"86221988","優登實業股份有限公司","臺南市西港區南海里１鄰慶安路２０３號","",10000000,"0800624","1020208"
890,"86224107","金鋅企業有限公司","新竹市樹下里6鄰樹下街3號1樓","",5000000,"0800626","1020221"
891,"86330515","國峰水電工程股份有限公司","臺中市南區永東街八號","",10000000,"0800904","1020220"
892,"86348233","雅晟工業有限公司","彰化縣彰化市南興里中山路一段138號","",5000000,"0800927","1020201"
893,"86464703","連暘電腦有限公司","高雄市左營區裕誠路274號6樓之2","",5500000,"0810801","1020204"
894,"86465225","赫綺國際有限公司","高雄市新興區林森一路45號","",5000000,"0810805","1020207"
895,"86583807","佳新紙器股份有限公司","新北市板橋區篤行路二段31巷22號","",3000000,"0810311","1020223"
896,"86668072","新益電器有限公司","新北市土城區裕民路108號1樓","",1000000,"0810522","1020221"
897,"86710607","福華房屋仲介有限公司","臺北市信義區莊敬路327號1樓","",6000000,"0810523","1020226"
898,"86889498","泉新商務股份有限公司","臺北市中山區長春路57號10樓之1","",5000000,"0811107","1020201"
899,"86897011","首辰有限公司","高雄市三民區寶玉里皓東路126巷7號2樓","",2000000,"0810921","1020226"
900,"86898671","千層建設有限公司","高雄市三民區民族一路7號11樓","",25000000,"0811003","1020219"
901,"86907720","國殿建設開發有限公司","高雄市新興區尚義街156號4樓","",95000000,"0811218","1020220"
902,"86910491","全竟工程有限公司","高雄市大寮區上寮里上寮路103之17號1樓","",5000000,"0820116","1020223"
903,"86921687","駿海股份有限公司","高雄市前金區中華三路82號2樓","",1000000,"0820419","1020225"
904,"86930861","得鋼有限公司","新北市永和區仁愛路211號（1樓）","",5000000,"0810903","1020220"
905,"86939342","麗景房屋仲介有限公司","基隆市七堵區麗景一街九二號二樓","",1000000,"0810916","1020205"
906,"86979646","旭鎮實業有限公司","桃園縣八德市廣興村金福街11號","",5000000,"0811103","1020220"
907,"88729526","賢達工程有限公司","高雄市橋頭區仕豐里仕豐南路仕龍巷四八號","",1000000,"0740121","1020201"
908,"89208073","登匠空間設計有限公司","臺中市西區自由路一段一○一號一五樓之五","",1000000,"0830719","1020207"
909,"89211534","境瑩工程有限公司","新北市淡水區中興里七鄰學府路二○三號二樓","",1000000,"0830722","1020226"
910,"89229387","東佑營造股份有限公司","新北市淡水區新民街76巷36弄5之3號4樓","",3000000,"0830805","1020226"
911,"89252942","呈宇消防有限公司","高雄市左營區廟東里左營下路128號","",3000000,"0830725","1020221"
912,"89268944","國中建設有限公司","高雄市大社區大新路一一六之一號","",25000000,"0831119","1020207"
913,"89278458","豔麗實業有限公司","高雄市三民區壽昌路331號1樓","",5000000,"0840213","1020207"
914,"89324848","翔筑工程有限公司","桃園縣龍潭鄉東興村四二鄰中興路二一一巷七十弄六之一號","",2000000,"0840213","1020221"
915,"89334368","一條龍工程有限公司","新北市土城區學享街65號4樓","",3000000,"0840222","1020201"
916,"89348709","金寶石鐵材股份有限公司","臺南市安南區安和路一段二巷九六弄四二之一四號","",2200000,"0840310","1020205"
917,"89424473","景善企業有限公司","高雄市楠梓區宏昌里後昌新路91號1樓","",5000000,"0840711","1020221"
918,"89436180","竣凱企業有限公司","高雄市三民區本和里大裕路51巷39號1樓","",7500000,"0841006","1020205"
919,"89469294","馹三電子股份有限公司","臺北市南港區松河街384號5樓","",20000000,"0840606","1020223"
920,"89488573","登相管理顧問有限公司","臺中市西區自由路一段一○一號十五樓之五","",1000000,"0840420","1020220"
921,"89489600","益璋鋼鐵股份有限公司","新北市三重區力行街一段一二三巷廿號之三","",5000000,"0840421","1020227"
922,"89494955","純豐冷氣有限公司","新北市新莊區中港路中慶巷一八號","",1000000,"0840426","1020227"
923,"89506039","德鑫包裝科技股份有限公司","","",0,"0840505","1020207"
924,"89532563","九九通訊有限公司","臺南市永康區西橋里中山南路五五號","",1000000,"0840527","1020227"
925,"89564781","龍晉亨企業有限公司","高雄市大社區大社里大社路85之6號","",3000000,"0840623","1020225"
926,"89598467","航全貿易有限公司","臺北市大安區復興南路1段127號11樓之1","",6100000,"0840818","1020205"
927,"89639782","志奇機械工程有限公司","新北市三重區五華街92巷14號3樓","",5000000,"0840718","1020201"
928,"89663706","昌延實業有限公司","雲林縣二崙鄉崙東村民族路148號1樓","",1000000,"0840808","1020219"
929,"89699161","宏佑工程有限公司","南投縣草屯鎮御史里東山路50之8號","",3000000,"0840912","1020227"
930,"89700667","謹賀企業有限公司","新北市中和區大仁街十巷九弄六號一樓","",2000000,"0840914","1020208"
931,"89720447","尚漏熱企業有限公司","高雄市梓官區大舍里大舍東路127巷2弄24號","",1000000,"0841007","1020222"
932,"89740422","朝青企業有限公司","高雄市前鎮區瑞祥里崗山南街519號9樓","",20000000,"0841120","1020207"
933,"89740529","億謹工程有限公司","高雄市小港區崇本街60號3樓","",1500000,"0841121","1020206"
934,"89758105","喬柏國際通商企業有限公司","高雄市苓雅區五福三路101號7樓之6","",2000000,"0850515","1020223"
935,"89826574","富寶機械有限公司","新竹縣竹北市東平里隘口五街61號","",1200000,"0850111","1020220"
936,"89849653","高任廣告事業有限公司","臺中市北區進化路五八三之六號","",1000000,"0830914","1020116"
937,"89856794","惠豐氣體股份有限公司","桃園縣桃園市慈文里慈光街118號2樓","",3000000,"0830922","1020225"
938,"89902143","南杰汽車工業股份有限公司","嘉義縣太保市南新里南埤路96號","",10000000,"0831108","1020201"
939,"89905107","星晟鐘鐘有限公司","臺中市北屯區中清路六○之三號一樓","",3000000,"0831111","1020220"
940,"89909482","釧鋒機械股份有限公司","彰化縣伸港鄉全興村濱海路五一巷十一號","",7000000,"0831117","1020223"
941,"89912769","萬興度量衡有限公司","桃園縣中壢市新明里明德路五七號一樓","",1000000,"0831121","1020207"
942,"89914204","豐合電腦有限公司","屏東縣九如鄉玉泉村中庄街二○號","",5002000,"0831122","1020201"
943,"89916060","玉晶百貨有限公司","臺中市西區向上路一段四六五號一樓","",1000000,"0831123","1020221"
944,"96857690","益祥通企業有限公司","桃園縣楊梅市梅溪里光裕南街一三五號","",1000000,"0850123","1020227"
945,"96953574","常勝軍廣告實業有限公司","新北市三重區仁義街一六一號","",10000000,"0850413","1020220"
946,"97008838","吉連昇有限公司","新北市板橋區民治街26巷22號4樓","",5000000,"0850517","1020220"
947,"97009920","乙將實業有限公司","臺中市霧峰區吉峰里一七鄰吉峰路一一六巷一二號","",5000000,"0850518","1020227"
948,"97010861","鴻陞房屋仲介有限公司","宜蘭縣羅東鎮國華里培英路114號1樓","",2000000,"0850920","1020204"
949,"97044519","帝匠企業有限公司","新北市中和區景平路一○○之三號五樓","",5000000,"0850602","1020225"
950,"97140724","黃揚工程有限公司","高雄市新興區林森一路97巷20之5號","",5000000,"0851121","1020205"
